TET2	100,1005,101,1010,1013,1015,103,103,1034,1037,1042,1052,1055,1057,106,1065,1069,1078,108,1082,1083,1090,1094,1106,1115,1116,1137,114,1143,1146,1151,1152,1152,1158,1161,1167,117,1185,1192,1201,1216,123,1230,1240,1243,1246,1246,1249,1250,1251,126,1261,1262,1265,1271,1274,1289,130,1300,1307,131,1313,1318,132,1322,1325,1334,1338,134,1343,1350,1358,1359,1360,1361,1362,1366,1369,137,1370,1370,1378,1380,1381,1383,1384,1387,139,14,14,1427,1430,1432,1437,1438,1443,1445,1451,1454,1475,1490,1501,1510,1516,1528,1531,1540,1540,1549,1550,156,1561,1563,1568,1571,1572,1586,1589,1603,1605,1614,1643,1652,1658,1664,167,1680,169,1691,1709,1712,1725,1747,177,1770,178,1780,1813,182,1820,1821,1825,1841,1861,1871,1874,1878,1887,1914,1922,1923,1925,1925,1926,1931,1938,194,1950,1957,1973,1987,1999,203,213,215,219,22,222,23,241,242,248,25,250,253,255,264,268,273,275,277,279,28,287,290,294,299,303,315,316,320,327,327,330,331,334,340,35,356,359,361,364,369,39,390,391,391,398,406,408,408,413,414,414,417,417,426,431,433,436,443,449,454,455,456,459,46,461,465,466,472,474,476,481,488,497,499,499,503,509,511,524,525,526,532,534,546,550,551,553,555,560,563,576,579,588,588,590,592,599,613,622,626,626,628,64,651,652,652,656,656,659,669,675,682,686,688,691,691,694,698,709,709,712,715,716,724,727,732,734,736,744,75,751,754,757,761,763,764,768,769,771,777,778,779,788,792,797,80,807,813,814,818,831,834,838,845,849,854,864,873,874,877,878,88,884,90,902,905,908,91,92,93,932,935,942,943,946,954,958,981,982,989,995
TET2	1.2647039151903927,1.004059025867415,1.0577052963559872,1.0834822946844114,1.1196369418143524,1.1042407473336533,1.162759718281888,1.3253727670274966,1.2124658091798157,1.1504951269500288,1.0552459779127459,1.2147406701680545,1.1099034322778603,1.0756287702654492,1.2390812455562987,2,1.3222063286999652,1.086072490817582,1.0314108661115806,1.1466569464227707,1.1800977924386018,1.2854222483219928,1.0046426353088138,1.2537851155938828,1.0866185003911148,1.1466353700240008,1.1021874419488906,1.1849550412085599,1.321445325393272,1.024828076243155,1.0873980500583458,1.0190144254949645,1.2361736276126942,1.092657392533467,1.2504769904807809,1.0250187119833143,1.026595278992838,1.0076843419814214,1.2690850578784998,2,1.1997447614343835,2,1.1412141272398297,1.1207865735611893,1.0702624954921993,1.0586230082721326,1.292672800134096,1.2629283460794614,1.0812641500695845,1.0578820978525811,2,3,2,2,1.2494358157677659,1.0943610064401221,2,1.208377351155336,1.3200159140437246,1.1993027299604628,1.2953941246897762,1.0713835888849998,1.220824494330028,1.165863764598094,1.2625055863932186,1.2189802954022855,1.2017003218614237,1.3286100119330002,1.0436662930499079,1.0574790076501916,1.106849973137472,1.2789987249038721,3,1.1126377256386375,1.2956092701466608,1.2196636050550116,2,1.1281686908227138,1.2861337964528303,1.0166519558359424,2,2,1.17701919869875,1.0408445592437112,2,1.2180466113282302,1.2188165170050678,1.3156972655635817,1.198235863913391,1.2472768555627918,1.122823692881703,1.1095282676204277,1.3014229792623604,1.020775656373213,2,1.2756528664091056,1.10686677138786,1.2373287705336597,1.0669114040579804,1.173351446982866,1.064562601937582,1.2764049388880678,1.290241441426535,1.281020328709175,2,1.3194172537608908,1.0408663860202505,1.1921896996185966,1.1467351917087378,1.0277432866933611,2,1.1301774251833434,2,1.288791004418579,1.0684572587001855,1.3112818113422178,1.2635026725569987,1.0246521886467672,1.1778223952699771,1.0046485200692676,1.0697702209377438,1.2007689908724954,1.137371510643707,1.2166006809515133,1.188400819716232,1.2341606504371474,1.2491878057134558,2,1.1660549801425568,1.160668866746518,1.0050436589790228,1.0100529857755691,1.020242395858912,2,1.152639511754415,1.1133033477089564,1.1452506966282552,1.226832786227626,1.1864646038616746,1.2597544818503628,1.2371599152763126,1.2230870298270586,1.1185014666974737,1.1631809529717156,1.3158341154751183,1.194334781419901,1.103508476846745,1.0374906701437885,1.0833520820162876,1.2638295547881,1.2631987598136725,1.3112114581018288,1.3189563612017257,1.0219098714375956,1.134247361194493,1.1986468402337087,1.0919664112499905,1.0301659229617288,1.1979042728810847,1.2763267402753011,1.157295758449777,1.1605692691862743,1.3295452687104061,1.1259684297853523,1.1247409749189747,1.2489759242927354,2,1.0586404030370962,2,2,1.217441679490472,1.3285682760748891,1.0425624690514987,1.2334717782665467,1.0826935356294647,1.2266591358059047,1.1630270642929377,2,1.0828360260465215,1.297967395247202,2,1.043634998010361,1.0302092658683153,1.0880209059628083,1.2640297760748824,1.2103005507673625,1.2757656843125074,1.0073400752193562,1.0549136948270903,1.0538767264224533,1.128138139077088,1.290937482656523,1.1335391732598477,1.3290489371624967,1.2596547818439694,1.1928919888770912,1.2126692978822406,1.0327967504112705,1.0194678905524566,1.2193168704098123,1.0403534826244392,1.136215365194113,1.2261469193085397,1.014222950506754,1.0135214099291399,2,1.0152879907159396,1.009727349129528,1.0577229997673108,1.0570148979565603,1.060967473367802,1.2954041245953787,1.2021974203391945,1.000328305113809,1.0486793287359004,1.0027069233997892,1.081194096599344,1.1299934476502584,1.1537934906317258,1.153933411739302,1.1861324658355856,1.2729145441935539,1.0056060756717338,1.298417964844021,1.234494712444617,2,1.3225711838394207,1.0641260673696633,1.0272644051677333,4,1.0187143241389913,1.329574114967747,1.0766350636697064,1.2796484409648776,1.2989096084456877,1.2383960694294172,1.279196799913057,2,1.2291367392809347,2,1.0913087115785018,3,1.1400180603016672,2,2,1.2464405633210676,1.0512832820584577,2,1.1770820689861679,2,1.3256290918540161,1.2668025303029908,1.2112898070828384,1.284523183529644,1.1921118851852401,1.332624540943322,2,1.0697014137933782,1.1696067768200873,1.2635159225388635,1.331298521641672,1.2599122433464482,1.2667989386836946,1.29584160211375,1.0782673346128109,1.0239921759871642,1.1357342373105783,1.1148017635577248,1.2199978275759231,1.1335276973835642,1.087911885489305,1.2152637517205829,1.275661690464032,1.022677540218157,2,1.2595213489390762,1.0506355465738795,1.2330545970716762,1.0488370915628922,1.028271734223583,1.1560550422081906,1.036628693763349,1.0889427092272332,1.2655386945657305,1.3194636645722106,1.1140996415452236,1.148815938837732,1.0011781276846545,1.11653955856826,2,1.1711602942042112,1.3080743846495617,1.0301073325225987,1.1477398487160362,1.043818777059867,1.090123767514743,2,1.3135934373225686,1.1500419348872273,1.31835539719003,1.2864451733237339,2,1.2494914242077706,1.138732522533343,2,1.1992078198849865,1.0508834249477519,1.077864965513213,1.1316103889401683,1.2599487445503839,1.1776096148632107,2,1.1932487607402242,1.0385836820169378,1.217372426944661,1.2318110449959505,1.0413849664432568,1.180193277177299,1.1643002525735502,1.1614598923296646,1.1570712194063582,1.139458959715676,2,1.2583183185204105,1.079293829767941,1.0084629913561542,1.0432929007824818,1.2690893186947247,1.0249120874338695,1.2836178402741625,1.1415639354236409,1.0803055701396902,1.1515016548482577,1.0606086378618351,1.1481935056859214,1.064948636104816,1.2928090660122498,1.1623761031831437,1.2636256938338997,1.143356778380658,1.3194757720154484,1.0443149644193235,1.184949102858805,1.1605720666911148
TET2	100,1004,1102,1103,1111,1119,1131,1133,1135,1154,1156,1167,1193,1194,120,1214,1216,1219,1221,1224,1227,1244,1245,1249,1250,1262,1266,1271,1274,1285,1286,1292,1291,1298,1302,1313,1313,1322,1327,1351,1368,1370,1373,1377,1378,1380,1387,1395,1396,1420,1449,1451,1453,1486,1500,1516,1530,1536,1561,1583,1608,162,1635,1644,167,1680,1683,175,1843,1861,1873,1876,1890,1910,197,227,232,234,245,259,26,274,274,323,347,351,352,354,374,383,389,394,396,4,403,409,422,425,474,485,505,507,509,510,519,550,557,559,571,578,586,591,604,611,613,615,619,624,628,642,644,657,660,687,697,71,71,716,742,749,777,782,807,812,830,841,85,856,862,886,888,909,909,916,920,95,958,963,970,991
TET2	1.2415004464452144,1.275959303488337,1.0894988768242764,1.1955338026911189,1.0179663118499147,1.2880351355385804,1.1409270850502922,1.0545688581247832,1.0210225844207999,1.1776137347342317,1.26108639004496,1.253785339893708,1.0640008811774626,1.0088616999959061,1.2114721907692425,2,3,1.040393516983358,2,1.078891769085008,1.185497698033822,1.2906844814084109,1.250399371826657,1.1192733696036448,1.2714002630460863,2,1.2425897259690695,1.044756430368204,1.0082849724143446,1.0310341867951152,1.2313775577565282,1.1568052845916603,1.071105944273192,1.1329223893281435,1.1077782555813034,1.1981691144958433,1.0389779957262055,1.0582344197319848,1.3094504013248884,1.1639940738351267,1.0340147360522087,1.0296021105366786,1.1793184863458825,1.2470749278171953,1.044092930008983,3,1.133775822018326,1.057845662123595,1.193087528648175,1.3139027952512223,1.2723215265930414,1.1362493832243523,1.2309423294425552,1.0972001832906417,1.1505724331284688,2,1.1527205346904943,1.25694592884413,1.250076046241766,1.180199698590891,1.0023493846707863,1.3069585108109067,1.127949369413428,1.2834591701129798,1.1838242975703361,2,1.0744616818178392,1.0924954004990663,1.0205636999421406,1.160597850404954,2,1.2906390942330563,1.2567225453290503,1.109095914547368,1.084746582979831,1.2934222081473503,1.0288802350823119,1.30318385706453,1.286666237981331,1.1637552036836025,1.2106939303419533,4,1.0882354420035762,1.1401627743864446,1.207493612709616,1.1208270940748377,1.1387984093732366,1.0788589973752647,1.143448387863403,1.1350032930356198,1.0249713414359731,1.2759380165596486,1.2577268477437287,1.1659607973898125,1.1066115195999522,1.1466558586727225,1.0000910008642152,1.2484771045797676,1.2599530269818966,1.1142524348000082,1.0985878869346677,1.1431619058744753,1.089569640323362,1.0153171785099,1.1409670829986567,2,1.010477202035643,1.1887301249763418,1.0707940535202747,1.0187514589595583,1.22902036893794,1.0385128735156388,1.2765791322270983,1.304168769302436,1.1379329409596914,1.0495400934175123,1.3326900318434727,1.1715425588277921,1.240621966531502,1.3236291731221332,1.2405023493461953,1.1886894951883724,1.075314662527178,1.2581684570919263,1.1378717637855518,1.145989657765068,1.1522174723313725,1.2833132621976895,1.1585619739644404,1.1535088706259253,1.0040877326629538,1.3269967304574386,2,1.2078949610133327,1.3215824744292148,1.094776866039889,1.2332948099773642,1.1037611372794163,1.2706898469760703,1.1630253905128387,2,1.141604918217461,1.1901715037252463,3,1.0605621306628237,1.0992499630395467,2,1.2724888395805092,1.0838544716907161,1.1521752545040371
ASXL1	100,1004,1006,1006,1010,1026,103,1030,1036,1036,1039,1041,1054,1062,1063,1065,1068,1071,1071,1073,1079,1083,1092,1100,1115,1128,1131,1132,1145,1148,1156,1164,1167,1168,1170,1173,1174,1175,1177,1179,1192,1198,1200,1207,122,1224,1225,1228,1232,1235,1269,1273,1275,1275,1279,1280,1281,1281,1287,1289,1293,1299,1300,1304,1305,1310,1312,1313,132,1320,1321,1328,1331,1334,1336,1339,1343,1344,1344,1352,1353,1355,1359,1362,1367,1367,1369,1374,1382,1391,1392,1402,1411,1414,1415,1416,1419,1421,1428,143,1430,1430,1432,1435,1438,1443,1448,1465,1468,1470,1471,1482,1482,1488,1489,149,1496,1507,1507,1518,1520,1521,1526,154,1541,1542,157,157,158,163,183,185,191,193,193,195,195,196,197,197,202,203,207,209,213,215,217,22,222,225,233,237,266,268,268,277,280,286,29,293,296,297,302,307,31,316,316,317,321,323,330,342,35,370,39,41,411,417,418,42,421,425,429,440,441,442,444,449,452,460,461,47,478,480,482,484,484,499,508,51,512,513,514,518,526,526,53,537,539,54,544,545,545,549,557,56,564,564,565,566,569,573,573,577,579,580,582,588,588,591,592,593,596,60,606,606,610,611,612,612,620,624,625,629,629,630,643,644,645,648,650,651,652,657,664,675,679,684,691,693,696,698,702,704,708,711,714,719,724,725,727,728,733,736,738,742,744,748,748,75,753,754,755,757,768,77,770,782,795,8,808,81,815,82,82,823,828,836,838,840,851,863,867,874,881,885,888,894,898,903,91,918,92,92,921,923,930,935,935,947,951,952,953,958,958,965,976,979,981,995,997,999
ASXL1	1.3003393428069132,2,1.1891840728117382,1.068142492193329,1.274646701900861,1.1143730542558778,1.0603899823832401,1.1489903669632455,2,1.2352771430616711,1.164674681805309,1.125296343078745,1.2608792112428846,1.051190103373691,3,1.0087776601951284,1.1879076576112853,1.2040371368760485,1.216998623781885,3,2,1.3210374355646326,1.0281288851201276,1.075576532084197,3,1.1280514023395185,1.151930956415396,1.129314007545265,1.214876212142322,1.0748760095374426,1.290445282699817,1.3024470746550056,1.1625440269865208,1.070647878901294,1.320654170942564,1.099736977037344,1.2174385441451376,1.0623492273921413,1.1438872013792123,2,1.2956327209175353,1.278024844964214,1.0313347646519562,1.3293994421123432,1.32598228249881,1.1515098947785698,1.1066897415465315,1.0850727427383693,1.0264099140798795,1.2980401606537617,1.1750078370566917,2,1.1390773453869492,2,1.2677403275439885,1.082208580990766,1.114946528360549,1.2438750835670924,1.0963814377723846,1.1557664804249062,1.241594631677574,1.202584316577747,1.1733405829161814,2,1.2560589176886823,1.2813011624406756,2,1.311295218375697,1.3190619957353642,2,1.3107101687981688,1.16636864914294,1.0051342762611213,1.0397660218585372,1.2769856467108156,1.1483966822164118,1.27587817121805,1.0265983891866626,1.1717092781154674,2,1.2524437813159441,1.3284694395147711,1.2021983952898325,1.2959366220210013,1.140181730891191,1.3027175721885547,1.308842777802212,1.1984890038582594,1.123570883890649,1.0872672316206065,1.2493231709194832,1.1746149860732567,1.2286528878127867,1.0704633932600622,2,1.165661824573619,1.3125220197458307,1.0308895302844023,1.2784923406306434,1.227964551672046,1.1408525757224912,1.2556385790210516,1.2165511385134278,1.0651626774806933,1.1372086256017542,1.0938999512893195,1.0433218558068282,1.2589835669843275,1.1610372051111337,1.2862002210481296,1.2284984096191949,1.103846969253366,1.093003830864457,1.0006907244980092,1.2185816583440636,1.148072388802494,1.297349319928626,1.0675778476293971,1.1652815581426355,1.2891810622335316,1.1542338854888419,1.0936537135180302,1.2806556972354435,2,1.1869451422364872,1.0724316907144122,1.0465092259791875,1.1040909232896148,1.161718393820255,1.0103597687064907,1.2909652248097843,1.1756976782154853,1.171896682672679,1.3183641416262581,1.225243889808938,2,1.1835090097533023,2,2,1.2944600492038218,2,1.2367492350203035,2,1.0050912021086442,1.0159055158980337,1.1134992232305347,1.1386873399793949,1.0156583309130613,1.227494144721888,3,1.1913099828722535,1.1256951685864791,1.2297341400760053,1.2750692124073746,1.08114297516488,1.2954714693505376,1.131669966861852,2,1.2313716671765063,1.1185362688493479,1.17318154233021,1.0080591135925852,2,1.0527810789155694,1.1686997696217916,1.254461221887016,1.2915644653159881,1.0431353340410068,1.0386363638752627,1.2352928404462349,1.2569252061527108,1.1988868180567682,1.0303959392675033,1.1384339356426645,1.1264038137114223,2,1.1815186822993173,1.1615124256990947,1.0527858021836491,1.291657038011023,1.2394435841350173,1.2732548561710135,1.203478032627113,1.2055916835451024,1.136907298212683,1.182697245678651,1.0169853232849473,2,1.318920646158018,1.076054872298484,1.0157052090215464,1.150905756037175,1.115830259308166,1.3129318039546183,1.2314467087063654,1.27625094996234,1.0520184958442773,3,1.0096150352986526,3,1.0475058754903048,1.099312600825882,1.0440544593235572,2,1.1694057909185938,2,1.2774139918829746,1.2458526987811969,1.2618405044947036,1.298076095876571,2,1.2111344381030638,2,2,1.2938573154332766,2,2,1.2830012228183558,1.2869633141161996,1.1085424057241053,1.0653995964789802,1.194509150926799,1.07175825891848,2,3,1.0762143665795614,2,1.25907893962216,3,1.2832961019455746,1.196875199812652,1.2361220833214726,1.1703313077537625,1.258679092744914,1.1098306363094914,1.2727863948075386,8,4,1.3058088509082626,1.1530484175121394,2,1.1875420308982536,1.0596765454889523,1.1417060653391882,1.175905395189667,1.2513214633213505,9,1.019099576004084,1.0975474262921419,1.2086793403116856,1.2872301769606866,1.3321538125728978,2,3,1.1591602813291002,1.1786444604731554,1.1335444404413786,1.1963811600770855,2,10,1.2217036993994568,1.1025401120215894,1.2729416504733573,2,1.1126330282599304,1.091235381604136,1.1540444716197547,1.2989407428984718,3,2,1.0654563485833368,1.0623864793004434,1.1958692055826237,1.1992634041337595,1.2562508870212412,1.2037505212708597,1.2030227960609596,1.0762144243972673,1.0327499612922384,1.0425824124227214,1.0525672715666967,1.2334586773888638,1.0936174479478926,1.044611878659997,1.1610483912546448,2,1.2055935478783768,1.129829285358455,1.2101244689775101,1.212635283594396,1.178019061678154,1.1654973606644257,1.0885003052317241,1.1789915192554432,1.0490381328445832,1.0034392421382539,1.205518867387413,1.1412173852049765,1.165711162577014,2,1.2455502650070152,1.061941452301643,1.2963917820883468,1.2344332736959067,1.282713772572462,1.052513572650204,1.2245734569897408,2,1.2982173472953862,2,1.1992179973201655,1.2999976485755294,1.2057179166244958,1.2350635660943943,1.2918218857581978,1.2237385398760052,1.1596043615736622,1.0004285242613826,1.0225621395695623,1.080767186535855,1.1703731918134639,1.2584260664222882,2,1.120961113525853,2,4,1.0577524200246855,1.2499589829781805,1.2058827880185792,1.1626506477826,1.3311156019658557,1.2420141967052416
ASXL1	100,1000,1101,1110,1158,1183,1247,1267,1287,1292,1307,1311,1316,133,1336,1339,134,1348,1354,1368,1374,139,1397,14,1415,1415,1422,1452,1462,1527,1541,158,194,198,247,271,316,323,334,339,340,342,39,404,417,417,432,443,446,479,49,499,512,513,517,518,523,537,540,548,56,575,587,583,584,584,588,591,591,593,594,596,623,637,643,643,645,683,691,700,705,724,719,733,742,757,768,771,775,778,842,85,855,858,882,89,894,898,906,912,916,951,991,994
ASXL1	1.000303403756796,1.1136854684283077,1.0259427947928712,1.2177778213651795,1.0491352951384554,1.0482355034319815,2,1.297405771614714,1.0740855860766136,1.0992605496552734,1.0476522791258398,1.2713104845794794,1.1450709866982711,1.060967942181095,1.0720969115263275,1.3226524029463198,1.3003569095886658,1.2423429625457867,1.1706077799921089,1.304061673165263,2,1.3074206212466781,1.2132199134494879,1.0338088790771134,1.2694302388565748,1.1583172309215277,1.1353989339276032,1.2723585624285114,1.2556138214049881,1.2692239892737096,1.102149207299533,1.2907260517534533,1.208753502095109,1.2788808629272943,1.332321603664551,1.1311740483629449,1.0420701649513582,1.1038238048997857,1.2486750509941233,1.045043047733536,1.211261373960359,1.3056254745338496,1.3026683539865624,3,1.1295785466898276,3,1.2218462771794907,1.0586918610321572,1.2629376732833415,1.1459872308958883,1.2751519268037526,1.0228325944285144,2,1.078677267251088,1.0470518171327359,1.3257333853233813,1.1764762651060099,1.2406774377840628,1.2598409029724484,1.1974830341368317,1.0667641873702312,1.2518976674895095,1.2258634909540307,2,2,1.0264921100621867,1.2997684663210791,1.0129295238611673,4,1.2627389510125775,1.0769665448579573,1.1432866656616187,1.2896298335998526,3,1.1684763680389538,3,1.2175810705954229,1.0338144036424575,1.236723021027581,1.0621418989179001,1.3178047681535527,1.1495214787106938,1.2586665058635271,1.042191769279912,1.1946282486451103,3,1.1572851161787217,1.1386294376344213,2,1.0373619528890783,1.3070769121434846,1.0775596207332194,1.0470601707145764,1.1469035261076592,1.1893532415252552,1.1793198180783802,1.1311480921961423,1.0459763592264815,1.0278817223116137,1.102366817324226,1.119372987069036,1.1031128605201563,1.233709416364466,1.1155699875467486
SRSF2	105,106,106,110,126,128,129,13,131,133,133,136,139,147,149,150,156,162,167,179,193,194,197,2,20,205,206,209,215,216,217,218,22,26,29,3,35,37,46,47,51,52,54,59,63,69,7,77,79,80,82,87,9,90,92,93,94,94,95,96
SRSF2	1.0035318832247464,1.098493354932037,1.1840617739988761,1.0399013822229262,1.0422607881341384,1.1774838869913908,1.3035173455392965,2,1.0977466787898162,1.0096591834568245,1.097074238635815,1.2074770062974292,1.0101551768513464,1.0776493998634762,2,1.0744237944550605,1.1835827720113192,1.2404140016057454,4,1.3184177665719843,1.0016799137151142,1.1935328296086873,1.0038684790540655,1.1038933138156966,1.0260752248305414,1.0097538039597622,2,1.0935308681609142,2,1.0782498069274313,1.0842610406683468,1.262361409179697,1.3322918877987926,1.1305565477215025,1.1674159662120966,2,1.030278563876891,1.1531257855195571,1.321757091760783,1.0621679222503269,1.126132282414988,1.1471831384301474,1.1982179696021282,1.1847150296582085,1.2087633960853885,2,1.0108181886006502,1.2716737556236664,1.1607682841450333,2,2,1.0558998402079727,1.0678093687371524,2,1.0794418828722494,2,1.2516851488884442,1.0830780456548448,8,1.181167819939168
SRSF2	103,152,156,205,21,46,67,77,86,95
SRSF2	1.1241176187071753,1.086059257674163,1.0878876767979162,1.203922488315463,1.2112369677601957,1.1520572996909524,1.0923452863498266,1.023377159343419,1.0614140779623489,16
JAK2	1003,101,1019,1024,1025,1031,1034,1037,1041,1044,1052,1058,1068,1097,1099,1105,1106,1107,1108,1110,1112,1114,1115,1120,1122,1122,1132,114,115,117,122,125,126,128,131,132,133,133,135,136,138,141,144,146,158,180,187,190,194,209,21,215,217,220,225,228,228,234,235,238,238,243,250,253,264,265,266,271,276,281,283,293,300,324,328,336,337,338,342,344,346,348,352,355,364,365,365,37,371,374,385,390,397,40,404,405,429,433,44,442,446,446,455,458,46,462,47,48,482,487,488,493,514,52,520,529,53,537,559,56,562,567,571,583,593,617,617,640,643,646,652,66,661,666,668,67,676,683,683,692,698,719,725,725,736,740,747,760,769,77,770,773,774,777,778,787,788,805,808,810,82,820,823,827,828,833,841,852,855,855,858,863,869,870,879,880,885,889,894,904,911,919,929,930,938,959,969,97,973,990
JAK2	1.3136274721453478,1.3228817191516473,1.092257562447064,1.2121138007706265,1.03119469592084,1.2540280294785209,1.1363464956884486,1.32283796186267,1.158952403582029,1.2928717979602886,1.0277631943501322,2,1.1210228421085642,1.136346530007355,1.1924637095629087,1.130488709814602,1.069649519176925,1.1499440641477392,1.2872306512796883,1.1462866637591507,1.2335550727284492,1.30858840607449,1.0671971537345233,1.2131409487334435,1.0347056279922513,1.0091938265112868,1.2961071855508737,1.203932694605494,1.0628174861045558,1.200743645034965,2,1.0642118160468363,1.3232606932349167,1.3092829555490673,1.3212868821944548,1.2887463150007212,3,1.2525797713749025,1.0299801134061592,1.1357042478921158,4,1.3084102171433505,2,1.26620917863763,1.038020540575475,2,1.0620568921219973,1.0260652775335584,2,1.0263225320294747,1.0367451418923728,1.2744895850067302,1.2140586796727089,1.1335421839470317,1.2295683347395934,1.1045822594283474,1.1950858967451892,2,1.1172695614401098,1.226400507848581,1.1298686484823435,1.0967600799456323,1.0522726908013034,1.0705930329053308,1.1515602842293182,2,1.1723576298831855,2,1.1156120358201829,1.0319319228316743,1.017207413620869,1.0804295413408622,1.062978906839715,1.1628169758352436,2,1.2083656662627955,1.0772998964795462,1.1103048244419176,1.3309434044259643,1.0592368279892137,1.0108917618562523,1.2370778771603852,1.2682295024251933,1.2523301024307254,1.075613945130643,1.0649099110090388,1.0442108535444072,2,1.313687527259126,1.0653418647580575,1.2358892842441982,1.1435224680401364,1.0097693874898903,1.252170507819089,1.114643796114818,1.2782240305593038,2,1.1203090065837304,1.3329539014714153,1.1514348023616598,1.2225687860640542,1.0786005812228483,1.1704337707763406,1.3224059455214487,1.2196720964686885,1.253815288787993,1.221175963436858,1.0324739297685364,1.139044051638493,1.040123562259216,1.2227243387534403,1.1707930882504587,1.2173420208939265,1.18349812806106,1.0283014430799144,1.1358388425325026,2,1.326051308624245,2,2,1.0407344110794678,1.164568821021729,1.0174251984468152,1.0205781734198731,1.2165319307690043,6,1.1885905639135907,1.0904970829234806,1.2181436381835542,1.001250542562205,1.3189283512549188,2,1.1768327892874462,1.3045808357915978,1.0136739011345426,1.0961030093154236,1.1537489591989276,6,1.316940496268386,1.1248521281901087,1.2814282511199147,1.2963163590744253,1.0690942242811703,1.0756650705141897,1.1177965503940168,3,1.1253096426281741,1.3191789109523806,2,1.0542605526483269,1.3328651014222164,1.300783070549675,1.0725336149998836,1.0068927788212407,1.2481017739454137,1.1607850946815932,1.1130056354597686,1.1331395026864146,1.109176087786678,1.278106928307303,2,1.2279853600653858,1.2603852181453468,1.3179024676954156,1.1270243417847832,1.1028179364881399,2,2,1.2460102964797695,1.2332842521170888,3,1.260231692665761,1.0731793417561968,1.2953012485779138,1.2937512483466196,1.0852253514187926,1.184535589191179,2,1.0552251838734266,1.3009413992273187,1.0317628686054772,2,1.0746937247405604,1.097583767775961,1.1243646864445507,1.2565241037522221,1.119028868931705,1.02764898169737,2,1.1775592780985944
JAK2	1026,1027,1059,1118,125,125,138,203,230,310,32,352,409,416,451,482,51,558,571,572,6,617,632,7,70,758,773,802,813,826,832,853,869,905,91,92,922
JAK2	1.2943237200140012,1.065172546597983,1.2231043847927996,1.1545816097006696,1.280482772435736,1.0746154779577244,1.308874093681334,1.1821770112802823,1.1026923712222212,1.294985371799873,1.1284079651226846,1.1278831156195517,2,1.0075638144934538,1.006134413557521,1.0630818046784065,1.3331797690071316,1.1970327876832074,1.272275892322353,1.1981143406015078,1.149516136876982,29,1.1162610261432333,1.0199534471690166,1.22198690899113,1.0260814224295112,1.0945212852618584,1.1394991120604914,1.129275766740736,1.002584867505382,1.104866229237853,1.209132185414327,1.0025494604565794,1.1414236570581269,1.0373918614343727,1.199128962819774,1.303022102923199
CUX1	1003,1003,1004,1004,1011,1012,1022,1026,1026,1027,1027,1029,1032,1035,1039,1054,1055,106,106,106,1065,1075,1076,1082,1083,1088,1088,109,1090,1093,1094,1102,1109,1113,1113,1120,1128,113,1132,1139,1141,1145,1153,1158,1161,1163,1174,1179,118,1181,1182,1182,1191,1193,1194,1195,12,1202,1206,1206,1214,1223,1233,1234,1234,1235,1238,1239,1242,1246,1259,1264,1268,1272,1273,1278,1281,129,1291,1295,1303,1307,1311,1313,1315,1316,1320,1323,1334,1338,1339,135,1350,1369,137,1374,1393,142,1443,1450,1451,1461,1466,147,1471,1473,1477,1479,1483,1487,1488,149,1501,1506,1510,1515,1516,155,158,159,162,180,180,181,19,190,191,192,216,219,221,225,227,23,230,231,237,242,245,248,25,252,26,261,262,270,274,28,281,288,29,292,301,303,305,310,312,318,32,324,328,331,34,341,341,343,353,354,360,364,366,373,381,383,384,388,389,39,391,391,396,400,402,408,411,416,417,419,42,422,423,430,432,433,434,438,439,439,44,44,446,45,450,450,459,46,460,47,475,476,492,495,509,526,531,535,537,541,546,546,547,554,555,558,558,559,565,566,567,568,572,573,58,581,591,595,597,60,61,613,614,617,627,629,633,635,636,645,65,652,659,659,66,669,671,678,685,685,7,709,715,72,724,726,735,741,743,745,748,750,754,757,761,763,766,771,774,774,78,783,784,785,789,790,795,801,806,806,807,812,818,821,822,827,831,832,838,839,84,844,846,847,849,857,858,859,859,862,866,871,875,886,890,898,899,909,911,918,926,929,931,934,936,936,938,94,953,956,961,965,974,976,976,978,98,98,980,988,988,989,995,996,998
CUX1	1.0581837256706086,1.2354434351996628,2,1.1836727335848134,2,1.0497541358316234,1.228043906246276,1.1098493385998751,1.048148571613707,2,1.2904602598544375,1.0427762242906775,1.1381880420460753,1.2592108896261212,1.08287469603684,1.1843314055495702,1.1061604443141861,1.1458463086051278,1.2926134142655585,1.167817805330421,1.0595131017573447,1.1833768212256999,1.0390610698162746,1.2481723717858424,1.1621701435574614,2,1.2809706978548427,1.2832975697349212,2,1.3112441814464917,1.2939355222857243,1.2277828746214348,1.214445743228632,1.0879518124593663,1.153039983965818,1.0768258718769284,1.0790281822812704,1.0463920260333324,1.2681175645766136,1.0175276973366647,1.190044519696952,1.0881104560852226,1.0854979886138847,2,2,1.003577863105845,1.1942591114865961,1.1421406170734805,1.2468389281259804,1.1112219248797415,2,1.0370094429559646,1.2250086937420157,1.233637274396485,1.0968287835959796,1.1854229760182577,1.2282260924678734,1.2552271989782071,1.0835394475754088,1.2273393548783837,2,1.0775811903905181,1.2971606557825772,1.1756232134972235,1.037036330199267,1.284605873433795,1.0490198450513886,1.024933885122917,1.064527206836047,1.1633582634526836,2,2,1.0660626484696154,1.071905655531366,2,1.2909125733332196,1.1098907518011547,1.143530017759332,1.2888610306665318,1.3167495135024505,1.1292772104348487,2,1.2354438186105758,1.133563230733207,1.160225046149193,1.2842922988348546,1.0377609333683022,2,1.3082768769658304,1.0201184495855276,1.3116155801638782,1.1808013428860589,1.037725213502685,1.126727528360276,1.2966523556973015,1.2591326639589562,1.2347147732958526,1.0961406196305443,1.2265653904737572,1.0358420242203707,1.1358188353941636,1.2108464042307212,1.3134617388785044,1.1848683288714268,1.0137477309146532,1.0134355852451262,1.1873465214697732,1.158020642048911,1.0523947341388005,2,1.1667529813656645,1.0484712925405153,1.2298745999989988,2,1.1094458955646311,1.26083779442465,1.0802850435478857,1.0808579514425378,2,2,2,1.0405793268286887,1.1138922264012803,1.3043399839909409,1.1603181524892627,1.1509134047699288,1.2766480604666346,1.3010253014068587,1.2282843262624425,1.1029715163618878,1.2215771972728797,1.142695098295603,1.1344855797742044,1.1727362823480096,1.1911304226459922,1.251698480305635,1.2048206651566542,3,1.1766547013331627,1.0292240756722415,2,1.2127603621442407,2,2,1.0225393962682592,1.2233358965560388,1.056695071224662,1.226650985564333,1.2737404885207964,1.0283959842692727,1.2623642144414688,1.0390042968142787,1.1080376318805585,2,1.2367523914459646,1.16124678799424,1.2479532482389404,1.2792307373705545,1.2483115846846236,1.101843746708289,2,1.242134200944459,1.3188693486434087,3,1.0774513835150523,1.3148846652309734,1.2099665527249597,2,2,1.1891063978365692,1.0602564277997202,1.2249290202256542,2,2,1.0414461077449082,2,1.270137344365384,1.227433972741267,1.2181113802616856,1.0327349247511386,1.2032851336138681,2,1.1098452080075305,3,2,1.201262314861812,1.091335524980279,1.1493884959707779,1.052969365079026,1.1674107858784808,1.3307576786601825,1.0109072548989246,1.0128662514963822,1.1547218379275792,1.0513233329501084,2,1.139315040405208,1.2083902306871208,1.1298266293900714,1.3074878798017333,1.1277043639691433,1.1050260411415607,1.0562892865886002,1.3322175252472312,1.1580581095290374,2,1.0126556879965043,1.274291519129191,3,1.134439181132757,1.1548110942258234,1.0414474512603278,1.0823063248012885,1.1014969395261578,1.1849962008836021,1.2596302176333205,1.252002211233418,1.0059896822361205,1.3215915374027964,1.2993378480255098,3,1.279007149577833,1.2817542255769623,1.08889243167359,1.0925262317592606,1.260570205090691,1.2039093288750418,1.2964157237766538,1.020775015035853,1.1961893568058803,1.1317359578499677,1.3010118706203573,1.089028306582532,1.2269635051671586,1.257566745978984,1.3142775659793735,1.2647763431196402,1.1361799287534828,1.067527916581246,1.0525073235102471,1.0023447337863054,1.290161768222095,1.202253762818563,1.0140476796079672,1.1114425533344061,1.1677331927887071,1.1148800591799044,1.0276022065095807,2,1.1019971817942449,1.1366719810310175,1.2210558062652197,1.2246259635807686,1.282031849191185,1.217731522121629,1.0943483167958301,1.2808771828934744,1.0306652128435023,1.3127818103571027,1.1215875569308595,1.1684610861169684,1.311618900996788,1.1558871877890131,2,1.1115205519885902,1.274057605552617,1.0266958633356387,1.1629791398941614,2,1.1897074070200362,1.2179578512658968,1.3170359362393418,1.1753108877313276,1.25170482513753,1.2557468829514682,1.125510164540174,1.1216653212529941,1.043046509405927,1.0580142562225352,1.2841236330511516,1.2510698186654294,1.1429230564209438,1.079543648623015,1.2756201881460258,1.267903113100391,2,1.034662126571088,1.2087547130157907,2,1.0663170596573501,1.2747920346072106,1.327795780973426,1.29700258715363,4,2,2,1.3217433246513326,1.0898956773073307,1.0800376801734521,2,1.2462458792449767,1.3271700582191333,1.164407983593033,1.3191168851740285,1.264409988969624,2,1.192924628975267,1.2105537752656554,1.2616320496876865,1.0586385033377255,1.2990526304492906,1.2102695405083697,1.23351032734448,1.0172622740153423,1.2745645530511314,1.1212132228486182,1.0795850896092927,1.3277884189396436,2,1.2607550592651862,1.1371284464300142,1.0675226620257328,1.2803200703121311,1.2806243478629096,1.1906571571971025,1.2300992262577695,1.0416126790211757,1.2466745031951645,2,2,1.0920153150887681,1.2933404584488581,2,2,2,1.2740476302765649,1.0888349772284192,1.1134079687706073,1.0009104526904056,1.240056736607068,1.2807096802319364,1.2309739401841877,1.1727377334740983
CUX1	1080,1116,1150,1158,1214,1231,1240,1272,1280,1318,133,1364,1460,1477,1481,1497,1508,1510,1513,158,182,2,21,215,219,261,268,27,271,272,283,294,336,345,359,362,389,392,403,44,547,557,607,613,636,654,662,687,7,718,721,760,769,795,812,828,849,849,872,886,890,910,914,93,967,990,995
CUX1	1.205862081380479,1.1887169151375532,1.253016667871863,1.231583730699981,1.044205582627028,1.0464639333250179,1.107025765275819,1.1168154414344595,1.2791635401091783,1.055900885669188,1.1435451019408496,1.0472274232810597,1.3025390996806703,1.0024979657517452,1.035132613113036,1.2592902648963415,1.0417101291437996,1.2674551137989318,1.2791941809039593,1.207949398678796,1.030687383932011,1.2947298730417993,1.2414682302423126,1.0038907212749302,1.2141066305310262,1.1450313714647318,1.1000434390041935,1.1048124244187725,1.2707878090644782,1.148567704356637,1.3006764393100354,1.0814402030370676,1.0546559350112046,1.0936145351530295,1.2641685903128808,1.1661023992548896,1.0391432402139864,1.2713011651287285,1.286121106454695,1.070710025793343,1.1533210074718911,1.0240869588514814,1.2882022256217105,1.02209497586583,1.2844945319953545,1.3165781469934477,1.313856906556758,1.0223915723591568,1.138159499497571,1.313581614899507,1.1711698444610585,1.2094158421112522,3,1.3269512789317732,1.0902194336417868,1.0212634264902647,2,1.232865311712242,1.0613629123162218,1.1216778240844636,1.083072506866796,1.0486129929162462,1.2844057005212959,1.0910641191069204,1.3018389923525542,1.3072813028962265,1.246807075150027
FOXP1	101,116,12,120,13,130,131,135,140,15,15,162,168,173,180,182,183,189,192,199,203,210,211,213,218,221,222,232,24,242,247,252,257,271,273,276,279,29,293,294,297,298,30,307,309,318,326,327,330,332,335,336,338,339,344,345,353,356,36,363,365,369,371,378,379,38,39,392,396,397,4,407,408,41,412,414,42,423,427,427,428,431,433,433,436,437,44,441,443,448,451,453,454,465,47,470,476,478,490,492,500,503,503,504,52,527,53,539,542,55,562,569,571,573,574,581,582,584,597,598,60,600,61,61,611,620,620,626,634,642,648,650,651,655,657,660,661,680,683,684,690,694,71,79,84,86,96
FOXP1	1.1806465955303593,1.1392295073540795,1.0560831202076628,1.0218765117201551,2,1.3130954962768286,1.0363382490335873,1.1115733089977877,1.1553769660416036,1.210228946196862,1.3263000247867183,1.2975899630347056,1.0188325719108033,1.273704297287583,1.263677471141807,1.0671972886270509,1.220615526896667,1.1724204695032212,1.1748470794774846,1.0606455450559857,2,1.1905995406207321,1.2368867569794333,1.3133411545247065,1.16749859702014,1.0956098480414043,1.0346340072890952,1.043198885201925,1.1403440295416822,1.000369729629251,1.1517293112509617,1.0294182912765983,1.159805099683925,1.300857038289271,1.1370534827532621,1.0504698100626535,1.1729287636717856,3,1.0649505287133403,1.0534009782344433,1.243700458428358,1.1356523357724777,1.0408710365159601,1.2402005011213655,1.033395953528833,2,1.0863253112137432,1.0302119109616934,1.0195290046203849,2,3,1.0303781569644572,1.2210528193661032,1.057169331143606,1.137565005495184,2,1.174580046284718,2,1.1028955503148274,1.1494919849916432,1.305284759712272,1.0617853410394495,1.2594351392299774,1.158199531363812,1.3306382168421003,1.1792829192147791,1.2430076242913608,1.3317209583611955,2,1.2226357857658996,1.0565257286918182,1.2018186481953794,1.0417300057021757,1.2585175214584434,2,3,1.2368515614998592,1.2862394860034088,1.166588037013539,1.2780096105472019,1.0071739536883841,1.3292701706757788,1.1274188372272131,1.093217966278204,1.0446259276091092,1.0897099528094019,2,2,1.149523245354529,1.1750352962084545,1.1724349755939332,1.1809332835056536,1.065434942120361,2,3,1.0132895561801458,1.262406742803293,1.1305275789114806,1.0462936548378523,1.2738818895874193,1.1444244681885387,1.0835771367389244,2,2,4,1.1876564398518583,2,1.068707686040213,1.2201697412255603,1.1120506075381607,1.1438875102105615,1.127189185015737,1.3260021223973615,1.1348670791974929,1.2514957990448832,1.2136533891638972,1.049249103591737,1.060886183624737,1.2401159886589794,1.0452090635149869,1.1952071890106393,2,1.234678274460786,1.186787672045401,1.0361982197891657,2,1.1410988385249918,1.0982717473561967,1.2655512167107104,1.234521976660865,1.250487570528006,1.091908739753908,2,1.0139631687220836,1.264738483219922,1.2386060019683207,1.064203597322437,1.1230410181489168,1.018190691077425,1.290424550708001,1.1023608724888878,1.1107703191916682,1.0718311289141491,1.0316577313152093,1.0332293070727152,2,1.200354658972457
FOXP1	12,126,13,168,230,265,272,275,311,33,337,338,376,378,380,382,411,444,470,503,505,550,576,61,666,677,73,96
FOXP1	1.2380999201541674,1.297546932027892,1.289936046658907,1.3052869556697382,1.0050688125745648,1.1768595721088504,1.0826677191621927,1.2186092864732792,1.3274983150636122,1.0813461261046398,1.2763960697904477,1.0103663083313141,1.2994980655753827,1.076636905314133,1.268128543029364,1.1329849015086517,1.2000811808626752,1.2691695202183297,1.1910708160548191,1.1380792727177886,1.241027593051868,1.1126859289423905,1.2999318776871367,1.2307609673040394,1.0118947397702092,1.257887470514031,1.3073563485520028,1.3209305912060312
GNAS	1005,1008,1017,1019,1020,1023,1025,1027,1028,1032,1034,1038,105,107,113,114,116,119,120,121,124,126,126,127,128,133,134,135,14,140,141,145,147,148,149,152,155,155,16,16,165,17,171,171,177,19,190,191,193,199,2,214,218,219,221,225,227,23,230,231,232,238,239,24,246,247,251,259,26,261,262,263,263,265,268,270,276,277,280,281,282,282,284,287,291,293,294,305,307,307,308,308,310,315,315,318,319,319,322,323,323,326,331,331,333,334,335,335,338,340,347,352,355,362,365,367,367,368,370,374,38,380,381,384,385,388,39,390,391,393,396,401,402,405,407,41,416,425,426,431,432,435,439,443,443,445,445,448,448,449,450,451,452,453,455,457,459,46,460,464,466,47,477,478,48,481,483,49,491,493,504,506,51,511,512,516,519,52,521,524,526,53,533,533,536,538,539,540,544,545,545,547,548,551,556,559,56,56,560,561,562,565,567,57,57,573,575,576,577,578,579,580,581,582,587,59,593,593,596,596,597,599,60,600,603,609,61,61,613,615,615,618,62,620,622,627,628,63,631,632,638,64,642,643,645,649,656,657,66,660,663,669,670,675,683,684,684,685,692,696,698,703,710,712,715,716,718,72,72,720,722,723,726,727,733,740,752,755,758,759,765,775,776,78,787,79,79,790,798,8,801,803,805,806,806,808,81,82,824,827,83,831,832,84,844,846,849,852,866,869,87,870,872,874,874,875,88,882,889,890,90,901,904,904,908,913,916,917,926,928,93,933,935,937,938,940,941,942,946,947,95,955,968,98,987,99,993,999
GNAS	2,1.1036281191416786,1.1727356202984607,2,1.0770563596976237,1.0296217634651843,1.126766484576779,1.1280090015167712,2,1.0522505559803133,1.08101544372594,1.1628003137403824,2,1.232119998665303,2,2,1.0610742818013341,1.2152776500471065,1.119159518746926,2,1.1287797950774103,1.1491851888344462,3,1.2254893057761078,1.1792081763040922,1.1107929031288006,1.009953282747978,2,1.2583652861010428,1.1817470453422148,2,1.0911815057938792,1.1939685308832435,1.1571061418988409,1.0032687070512072,1.0909032382617663,1.2584637501803635,1.3186658074194773,1.1361268245030856,2,1.121870555283592,2,2,1.0712684457468078,1.214045989496785,1.0978094367162818,1.0778890801949603,1.232967351850896,1.2588622080957141,2,2,1.0638683607483181,2,1.2031679616790822,2,1.2187678757664053,1.2523558683873381,2,1.2353594644296737,1.2230019370330953,2,3,1.079156831191628,2,1.253862635785924,1.150458346385862,3,1.2332615525243296,1.1622465523490337,1.0271966897762592,1.1797582598345644,1.1262605575120124,2,6,2,4,1.2261204467620093,1.0431547749894163,1.0157872034232793,1.3212957186085275,1.2992391608972835,1.0223138034349148,1.2364239942573485,1.0754033561992675,1.1294022180497674,1.2882348956444294,1.0148827473205144,2,1.120570757852177,1.238048299946434,3,1.3258034077118148,1.0067286790841237,2,1.1107479836242864,2,1.1109595532570489,2,3,3,2,1.2328812961625015,4,1.2581683408325945,1.119558069899368,1.0968487462809196,2,1.1675543060448417,1.0702905543579775,1.327511739375358,1.2991004067846614,1.0965748461649578,1.1283927525877884,1.1841789990465208,1.2386480538677644,1.1773109971443494,1.299425888746289,3,1.0329021429657674,1.2568902515329894,1.3017804226102765,1.2945250604349308,2,1.0715447763924422,1.2282935325480655,2,1.0388609774712145,1.0085087198541978,1.0184302849506761,1.2048065907387957,1.3002229440443016,2,1.1847995380258185,1.0274810970198465,1.222926701047391,1.1980072352811812,1.1209722743211694,1.218376100647978,1.3081374677161821,1.3249949433701154,1.3303259679622794,1.1751705224351325,1.173376323022891,1.3306697555957199,1.2205401587374505,2,1.2386597179132293,4,1.015926328568697,1.0152416516554568,1.2682778254961615,1.1141361852801044,1.2893765807145259,1.3104703673985503,2,1.2746821859141382,4,2,1.1832143489244265,3,1.1815582750203242,2,1.2644327147932009,2,1.0879623216315242,1.0019134989624954,1.0559168302993707,1.1768319187203726,1.170135493965966,2,1.301993262263928,1.0811331797396821,1.1157200322354293,1.0742369051241485,1.2494339274150084,1.099836630942856,1.2155663292524925,1.1992818213206669,1.3081477617214605,2,1.1553522653096442,1.0764161019621492,1.2333907600707517,1.2344815811184064,1.1279368472755593,1.2560623751060052,3,1.183935664369577,1.2347910769368753,1.0737335276478728,1.184335277667266,1.2596628126832445,1.0973396460733342,1.2427146968230467,1.1687423914816741,1.3001197439820726,1.1488751914611663,2,1.12719067239349,3,2,1.1294379187051797,1.0954392805534894,2,2,2,2,1.2085969033404107,2,4,2,2,1.1655666009083125,1.1168197374801117,2,2,1.211332008829089,1.1715519616482213,1.1064562458767697,1.1013609044219932,1.3263443064194493,1.004070205773045,2,2,1.085382268112216,1.197086598155513,4,1.1403491335610112,1.3045691347992425,1.1995110310061219,2,1.0417275280327554,1.1773674637449396,2,2,2,1.156794491322267,1.119856769676784,1.2137717933996235,5,1.228229871050869,2,4,1.1328706554305068,1.2391817708975883,3,1.224673545638459,1.318491621406239,1.000765880610664,1.2046756357750998,1.0586315556349715,2,1.1876230009013982,1.2329563250659246,1.118383071894084,1.1133121784744613,1.2350511996715348,1.2653981236604062,1.1381866392843596,2,1.1056127574940815,1.2757765235825043,1.0472162283600754,1.1618428317678726,1.1058995271248706,1.1696288883337986,1.1566822768704532,1.0123358239200537,1.0830757257954045,1.0791078129204839,2,1.0850634857632766,1.239578689573337,1.1614029811705167,1.020346835215201,1.0608708599178773,1.1313965375737416,1.157352540370138,1.0635447907711404,1.1125432210344064,1.0851713634901006,1.2659999998734324,1.1197762720721642,1.0956175462427202,1.1300993430642998,2,1.1426180113114976,1.2851058632323193,1.1486645295726943,1.2411841186163226,1.292568024691134,5,1.0940647103926944,2,2,2,1.2880735451162486,2,1.015483302565869,1.096252458129268,1.2126280416789332,1.2011512167460763,1.0090266041761216,1.287710531219851,42,1.0830915981950473,2,1.0671097894528607,1.2599350869572985,1.105829794246345,2,6,1.0779499226179938,1.2087023817031806,1.2439638082565658,2,1.2594781613725905,2,1.212992900741368,1.0094938595209408,1.1278196295872618,2,2,1.161809688643913,2,1.2677079058988971,1.1105019379056953,1.2815652528511727,1.290059954172558,1.0110505641170717,1.1726990842474425,1.1173591112704222,1.005401895307856,1.2099528267254518,1.2058738703610994,1.035545910833441,1.033714884540127,1.1000006347494626,2,1.1425732500021486,1.2431380931499187,1.2808977161852464,1.2456675417277374,1.2578810742765756,1.0487944810256022,1.3075218903388008,2,1.1813705723637797
GNAS	1004,1018,1032,11,112,115,188,219,265,306,316,334,336,351,36,388,419,420,439,493,510,520,536,581,635,64,642,65,656,665,670,693,715,720,758,800,842,844,847,849,871,875,883,900,906,931,932,938,940,941,971,985,99
GNAS	1.3097482549894495,1.2471552486828947,1.0580466395675128,1.1393436930534027,1.1591616679355408,1.118771859557372,1.3065351482044765,1.1614870571660694,1.1519365509463817,1.284469012018355,1.2480488334559077,1.19099524729279,1.0128898941371685,1.3214817054641066,1.2518163607674304,1.3275096276972693,1.3278272586552204,1.2524927113845776,1.1755839571938749,1.1823845034168352,1.0071085987702342,1.0018137622953822,1.323603536544225,1.1249542053463712,1.0505249976161921,1.23025749128592,1.1575812787781572,1.3332335391065517,1.329567815108178,1.0098782388537342,1.3000779841721959,1.2022538896126365,1.1143844983558604,1.0056925159034278,1.296382866528043,1.2936412406605227,1.121544562953476,10,1.1723104774091155,1.288712300033545,1.2739174206869122,1.2240305868389256,2,1.08740140754584,1.1817255229901586,1.3236937860637483,1.02780177477347,1.2030387547770949,1.0557556052837027,1.1220805964645337,1.178713543213621,1.160657551536329,1.1824759289543592
SF3B1	1009,101,1015,1016,102,103,1032,1038,1041,1047,1065,1072,1075,1078,1083,1099,1105,111,1113,1129,1131,1138,1140,1147,1150,1160,1164,1165,1169,1171,1175,1180,1187,1187,1190,1195,120,120,1202,1207,121,121,1211,1212,1219,1231,1232,1238,124,124,1241,1245,1256,1258,1259,1260,1267,1274,128,1286,1287,1289,1290,1297,132,141,143,150,151,16,161,176,177,183,184,185,186,192,198,199,201,203,206,213,216,220,220,228,231,234,237,238,241,242,25,256,263,263,267,272,274,277,280,283,284,286,292,3,314,315,318,320,321,323,323,327,33,330,349,351,358,363,366,369,370,376,378,387,397,398,403,409,411,423,425,429,435,444,451,455,461,465,467,470,473,48,50,518,520,523,538,540,541,542,549,551,561,568,576,580,591,594,595,61,622,623,625,626,633,646,652,657,658,659,662,663,664,665,666,666,668,669,672,673,693,699,699,7,700,700,701,703,711,723,727,73,74,740,741,741,742,743,744,746,751,752,757,763,765,772,773,775,775,781,782,783,784,787,80,802,809,813,830,831,832,833,835,843,847,85,86,860,861,862,865,867,873,876,880,892,894,897,898,899,900,901,902,903,906,907,908,916,92,921,922,927,932,938,939,956,956,957,959,962,965,969,970,981
SF3B1	1.3329672768327474,1.1234900644963652,1.2980887622776809,1.211258592651115,1.275855982044943,1.0264691178088363,1.1321328336723808,1.2264118107158644,3,1.0656684033073838,1.269305921838743,1.1543854103984923,1.028336676390833,1.2113209398181097,1.088451735111583,1.0333092700958333,1.1689209152350437,1.281277367104643,1.306464391367974,1.0574458045463335,1.0755265147389763,1.1126261165981388,1.1870871399417955,1.3030039130675923,1.1569854946685159,1.0946070329454,1.0331108132212794,1.2490760570863215,2,1.2552748807491545,1.1513645273525104,1.164341042076879,2,1.169320242427157,1.1865633597083785,1.3145558235272552,1.062700783401397,1.066305639567585,1.2398636735837167,1.3258519614596098,1.1233880236692202,1.2503317546379946,1.1607509177322792,1.1716144896378349,1.2260589307597864,2,1.1204498700705272,1.282074375168077,1.1212057020003603,1.2304592092128046,2,1.040938425997161,2,1.3233855405251413,2,2,1.137364936788272,1.0086554031665935,1.1672924758382832,1.0447154994327947,1.331872569632654,1.162348722388671,1.2096345447362262,5,1.1238836060262627,2,1.3307572438601922,1.0539589720574911,1.2156118290441693,1.079412021646377,1.1388559495187969,1.0393702819018615,1.006281191532768,1.1748902152505747,1.2789151713983695,3,1.1815666309225814,1.0898989305306164,1.0749906488707208,1.3323116015828318,1.0177590931493667,1.0430299674139387,1.0886768117501977,1.2542451764319433,1.0056678957894671,1.1324335868143933,1.2411245595218536,1.3101236073642948,2,1.029092178219832,1.0282325297350865,1.017627267861938,2,1.3159472570188537,1.1055264183344176,1.066316550751271,1.2950834334204337,1.1252441136848623,1.1465829160301422,1.146331306991016,1.2460211118429239,1.044084700176482,1.155632054862997,1.3223185416432413,1.2103175483740518,2,1.0190394716855786,1.0225409518645743,1.2824638234740264,1.1879787589659592,1.2535298963284887,1.13318115654747,1.3306709417894131,2,1.2755424923717091,1.240945188686198,2,1.0936914760208856,1.220526335912806,2,1.300002627453442,1.1733736356471927,1.2632745811858062,1.2568801317751117,1.3004036142284223,1.278364332791626,1.276505820370814,1.0628005660719944,1.0212815921218739,1.0837857265215503,1.3238004009056956,1.2633188165200824,1.0260224593504026,1.101902861075487,2,1.193290667216307,1.3279979825867398,1.3007497652783486,1.0566219603349745,1.0838936113437432,1.2155426074975204,1.0973671988687324,1.0486437794782528,1.1751445190213725,1.130911592675152,1.1555568039054962,3,1.3329227664342171,2,1.1903101974034562,1.0217909428980392,1.279279745533164,1.3019069229750402,1.3160227503161936,1.0199822191752754,1.2912889577242308,1.0499841983271005,2,1.061444185524079,1.2156021324239676,1.1735508519171485,1.062117224892827,1.2897545424100727,1.1224610172846943,3,3,24,9,1.1494791088279435,1.1565116091288277,1.230381435222738,1.3287691981561625,1.0520538899728504,1.2959896607324763,5,3,1.19272048074655,1.0783442928122478,25,1.1738406200231553,1.1614520946319415,1.297674877708778,1.2972649346538585,2,1.2890455048758258,1.165559043700164,1.1852682187377432,1.0411630022078806,1.3333014052512948,34,2,1.076398311780817,1.3245200108019621,1.0210040730218255,2,2,1.2946803777792828,10,11,1.0230722090998126,6,1.16995642880732,1.244778701636191,2,2,1.011744390341441,1.0776656679410785,2,1.1634246525415777,2,2,1.088190057502352,1.3180922124135246,1.266064355914564,2,1.0847574165858316,1.0186521596557578,1.1092930434489972,1.2654527643284745,2,1.2937320876071263,1.2658754449191738,1.1445659382721425,1.2672222653269005,1.2033179414216784,1.0309960451761722,1.0069897204564395,1.049688634313934,2,1.0012881049145956,2,2,1.1551921144018247,8,1.2686277229061547,1.099744721260607,1.182922521894516,1.0893695468743907,1.064538032568319,1.1336976569679684,5,1.2860132460598106,2,1.1900522327364225,1.3187843891541926,2,6,3,1.1025881560913833,4,1.2766446274988386,2,1.0858056530958593,2,1.0401145164067975,1.182801724970397,1.1670912750346907,2,1.1083148779271064,1.0019837653099013,1.2112182120537485,2,1.000990191518962,2,2,2,1.0704658136283594,1.1480640550364924
SF3B1	100,1053,1069,115,1168,1169,1207,1220,1229,154,154,196,239,305,327,331,337,387,40,409,450,453,612,622,625,626,640,662,663,666,680,699,700,734,736,762,833,834,927,977,987
SF3B1	1.1188334629672174,1.2577579839548527,1.245839627535331,1.0784003681482597,1.2371469538490154,1.2718645233519674,1.0817590108027946,1.237538999657039,2,1.0257067336521863,1.081746486118433,1.165044264505193,1.069788217644907,1.2245974308273266,1.2218646778081657,1.2357742518346173,1.1441807945215627,1.272745781172114,1.197443090826463,1.1938596206795762,1.2758770025533406,1.2932704036635434,1.2436161205223695,3,1.058057329244114,3,1.3089233378174647,3,2,6,1.1873070610966001,1.2932589169922262,9,2,1.1722255021516943,1.3182368251802465,1.301804339686075,1.331991079009789,1.0336932160562726,1.285932939251467,1.2424138822390525
CHEK2	10,102,109,126,140,147,152,16,165,179,18,180,181,186,188,193,197,2,200,202,207,209,213,218,223,223,225,227,229,23,238,24,240,243,246,250,253,269,275,280,280,281,290,294,295,296,3,300,311,311,319,325,326,339,348,351,353,358,368,368,370,372,380,381,382,385,388,389,398,399,406,410,415,416,420,422,423,423,428,429,430,431,433,433,434,435,439,441,446,447,45,452,460,463,464,471,473,476,49,495,496,502,510,517,521,523,53,542,56,570,6,64,69,77,81,89,90,93,95,98
CHEK2	1.1410848737199,1.173743613403898,1.2084420824340696,1.2624629668889837,1.3036870819208408,2,1.2754376211350278,1.3325562346813886,1.0606280625050613,1.315398322879719,1.2972859273554036,1.1823463464475106,1.1006724993497699,2,3,1.109978095718512,1.3198532879947666,1.3329546025562584,1.0227269340529255,1.224072410736663,1.2150475996614023,1.1925963098373307,2,1.0930904702703703,1.138079375991204,1.3031786390768962,1.081974265854243,1.2516760673121403,1.2169015457112375,1.086892755346233,1.175116233504418,1.0388567260720398,1.2675635814241437,1.096074528090088,3,1.1273344070654476,1.3279512306755101,1.1620470684043718,1.003789565167057,1.0909054308611454,1.0173861644605382,1.2306018069729827,1.2700209093574741,3,1.0352215688254045,1.2715202964231291,1.0335160744057887,1.1246854938849422,1.2453325770073995,1.1489266419106663,1.1282456336086892,1.0672964191033467,1.3269331217314115,2,1.013453443389228,1.0142270308107582,1.2065674975819225,1.1428406666549003,1.2049595775700894,1.0810279330586527,1.107743240415614,1.1162059738896732,1.1926365113566726,2,1.1857306967400245,2,2,4,1.2221322307769165,1.2666784646563036,1.111877597089731,1.0010643005265123,3,2,1.1892731830521357,1.1448304458798504,1.0173750311198344,1.0836918491765266,1.1005694959609031,1.155180765807198,1.119291606088102,1.032506877965387,2,1.0407801352139823,1.2973261089784647,2,1.1800692692154793,1.2883150984545393,1.1873493427603092,1.2299444423479122,1.2027868257249814,2,1.269703008695686,1.0784967783775015,1.149424563904688,1.0635105511991436,1.030680147174156,1.1038893019277465,1.1937370571018855,1.3181404100082368,1.0549011467956873,1.1393147555559844,1.1623626603838888,1.1233512897868432,1.0042261128612806,2,1.1216487389347805,1.0234843070213946,1.2200947362732988,1.1980943419458687,1.2591784584233623,2,1.1609240384241808,1.1375609712399135,1.3302638591601217,1.1960558985219727,1.3222642058791005,1.1664215677326715,1.0299852413724235,1.0181537800976468
CHEK2	100,101,163,180,180,183,188,192,194,231,247,282,290,3,316,317,349,374,380,385,389,394,408,422,431,44,461,463,553,87,88,93
CHEK2	1.2257866343803074,1.1367264158147077,1.2812604230819336,1.2245777390684285,1.3268246167920337,1.213410544726868,1.0178217115829573,1.2229694022186735,1.0043773329241206,1.2791276229040809,1.2273851735290222,1.0017352233023231,1.1094367086461685,1.035802111939962,1.1068020672747891,1.2627445685288459,1.104873683417731,1.0857892205653465,1.1646135375775128,1.2289376821482947,2,1.2234762775278576,1.1931335963040417,1.1088946950533694,1.3034755451630238,1.1257312622396018,1.2685339764005426,1.3008218685988082,1.0330911310410733,2,1.2014560912733792,1.0732863767720033
