DNMT3A	7.0,11.0,50.0,60.0,90.0,123.0,181.0,192.0,210.0,224.0,225.0,228.0,231.0,232.0,233.0,234.0,234.0,237.0,237.0,238.0,240.0,241.0,242.0,244.0,245.0,246.0,249.0,250.0,251.0,252.0,255.0,259.0,262.0,263.0,264.0,267.0,269.0,271.0,274.0,275.0,283.0,284.0,284.0,285.0,285.0,286.0,288.0,290.0,290.0,292.0,292.0,293.0,294.0,295.0,296.0,297.0,297.0,297.0,298.0,301.0,302.0,303.0,305.0,306.0,307.0,307.0,308.0,309.0,309.0,310.0,310.0,311.0,311.0,312.0,313.0,313.0,314.0,317.0,320.0,321.0,323.0,325.0,325.0,326.0,327.0,328.0,328.0,330.0,330.0,331.0,331.0,332.0,333.0,333.0,335.0,337.0,337.0,337.0,339.0,339.0,339.0,341.0,342.0,344.0,345.0,346.0,347.0,347.0,350.0,352.0,354.0,354.0,355.0,356.0,356.0,357.0,359.0,361.0,362.0,362.0,363.0,365.0,366.0,366.0,367.0,368.0,369.0,370.0,372.0,373.0,374.0,374.0,374.0,374.0,375.0,375.0,376.0,377.0,377.0,379.0,379.0,385.0,386.0,388.0,390.0,391.0,392.0,393.0,395.0,397.0,398.0,400.0,400.0,402.0,403.0,404.0,407.0,407.0,408.0,408.0,409.0,409.0,410.0,410.0,411.0,412.0,413.0,413.0,414.0,414.0,415.0,417.0,418.0,418.0,419.0,420.0,422.0,426.0,429.0,430.0,434.0,434.0,435.0,437.0,439.0,440.0,442.0,444.0,445.0,448.0,448.0,454.0,455.0,455.0,457.0,458.0,459.0,461.0,466.0,468.0,468.0,469.0,469.0,474.0,474.0,475.0,477.0,477.0,477.0,478.0,479.0,481.0,482.0,484.0,484.0,485.0,486.0,488.0,490.0,491.0,492.0,493.0,494.0,495.0,496.0,497.0,497.0,497.0,498.0,502.0,503.0,504.0,505.0,505.0,506.0,507.0,508.0,511.0,513.0,514.0,514.0,515.0,517.0,517.0,518.0,518.0,518.0,518.0,519.0,519.0,520.0,523.0,524.0,524.0,526.0,526.0,527.0,527.0,527.0,528.0,528.0,529.0,531.0,532.0,533.0,533.0,534.0,535.0,536.0,536.0,537.0,537.0,537.0,539.0,539.0,540.0,540.0,543.0,543.0,544.0,544.0,545.0,546.0,546.0,547.0,548.0,548.0,549.0,549.0,549.0,550.0,550.0,551.0,552.0,555.0,555.0,556.0,556.0,556.0,556.0,556.0,557.0,557.0,557.0,559.0,559.0,561.0,562.0,562.0,563.0,565.0,566.0,566.0,567.0,568.0,570.0,571.0,571.0,572.0,573.0,573.0,574.0,575.0,575.0,576.0,577.0,578.0,579.0,580.0,581.0,581.0,582.0,583.0,583.0,583.0,584.0,584.0,584.0,584.0,585.0,586.0,589.0,590.0,591.0,592.0,593.0,595.0,598.0,599.0,599.0,601.0,601.0,602.0,604.0,604.0,606.0,608.0,609.0,610.0,612.0,615.0,616.0,618.0,618.0,622.0,623.0,623.0,624.0,625.0,627.0,631.0,633.0,633.0,634.0,635.0,635.0,636.0,636.0,637.0,638.0,639.0,639.0,640.0,641.0,641.0,642.0,643.0,645.0,646.0,646.0,646.0,646.0,647.0,649.0,649.0,650.0,650.0,652.0,653.0,653.0,654.0,654.0,656.0,656.0,657.0,657.0,659.0,659.0,660.0,661.0,662.0,663.0,663.0,664.0,665.0,666.0,667.0,668.0,669.0,669.0,673.0,673.0,674.0,675.0,676.0,676.0,677.0,678.0,680.0,681.0,681.0,682.0,683.0,683.0,683.0,684.0,685.0,686.0,687.0,688.0,690.0,691.0,691.0,692.0,692.0,693.0,694.0,694.0,695.0,695.0,695.0,696.0,696.0,697.0,698.0,698.0,699.0,700.0,700.0,701.0,702.0,702.0,703.0,704.0,704.0,705.0,705.0,706.0,707.0,707.0,708.0,709.0,710.0,711.0,712.0,713.0,714.0,714.0,715.0,716.0,717.0,718.0,718.0,719.0,720.0,722.0,724.0,724.0,724.0,725.0,725.0,725.0,725.0,726.0,728.0,729.0,730.0,731.0,731.0,732.0,732.0,733.0,734.0,734.0,735.0,736.0,736.0,737.0,738.0,738.0,739.0,741.0,741.0,742.0,743.0,744.0,747.0,749.0,749.0,750.0,750.0,751.0,751.0,752.0,752.0,753.0,753.0,753.0,754.0,755.0,755.0,756.0,757.0,758.0,759.0,759.0,761.0,762.0,763.0,764.0,765.0,765.0,766.0,766.0,766.0,767.0,768.0,768.0,769.0,769.0,770.0,771.0,771.0,772.0,772.0,772.0,773.0,773.0,774.0,774.0,774.0,775.0,775.0,775.0,776.0,777.0,777.0,778.0,778.0,780.0,780.0,784.0,786.0,786.0,787.0,788.0,789.0,789.0,791.0,792.0,793.0,793.0,794.0,795.0,795.0,795.0,796.0,796.0,797.0,797.0,798.0,798.0,799.0,800.0,801.0,801.0,802.0,802.0,803.0,803.0,803.0,804.0,805.0,806.0,810.0,812.0,813.0,815.0,815.0,816.0,816.0,817.0,817.0,819.0,820.0,820.0,821.0,824.0,825.0,826.0,826.0,826.0,827.0,827.0,829.0,829.0,829.0,830.0,832.0,833.0,834.0,834.0,835.0,836.0,836.0,837.0,837.0,838.0,838.0,840.0,841.0,841.0,842.0,842.0,843.0,845.0,846.0,848.0,849.0,849.0,850.0,850.0,851.0,852.0,855.0,855.0,856.0,856.0,859.0,859.0,860.0,860.0,861.0,862.0,865.0,866.0,866.0,867.0,867.0,868.0,870.0,871.0,872.0,872.0,873.0,874.0,875.0,875.0,876.0,876.0,878.0,879.0,880.0,880.0,882.0,886.0,886.0,887.0,887.0,887.0,888.0,890.0,890.0,891.0,892.0,893.0,893.0,894.0,895.0,896.0,897.0,898.0,899.0,899.0,901.0,902.0,904.0,905.0,906.0,907.0,907.0,907.0,908.0,908.0,909.0,910.0,911.0,913.0
DNMT3A	0.0004929525137925146,0.00052112716686818,0.0004560835032888851,0.0004646246277827911,0.0005108572205108004,0.0004113624612245608,0.0004698743479270076,0.00043177841390990284,0.0004952574061353213,0.0005085740905862989,0.0005092088661558996,0.00044185094224381203,0.002380007933359778,0.0004446305655234638,0.0019833399444664813,0.0005197883533183929,0.0004406981176456734,0.0005070918303080727,0.001190003966679889,0.00043693159541292463,0.0004117225440763661,0.0005027827498244429,0.0004475133715753707,0.0005233823370886547,0.00047609752389640475,0.0004737856648373894,0.002380007933359778,0.00047269285685436473,0.00046608587435298577,0.0005234822608733807,0.0004734276665141685,0.0004683551031775968,0.0004070801622696201,0.000521185780407824,0.0005019275577723125,0.0004286593878777903,0.00040139022869912236,0.001190003966679889,0.0005078777687545466,0.00045095462733036533,0.0007933359777865926,0.0005148597737964085,0.0007933359777865926,0.0004860822475904524,0.0007933359777865926,0.002776675922253074,0.0004518370846671384,0.0004644832006631957,0.0007933359777865926,0.0004962176240414324,0.00045076132121229704,0.0004785579867678413,0.0004706416109389531,0.002380007933359778,0.0035700119000396666,0.0003968944550946588,0.0019833399444664813,0.0035700119000396666,0.004760015866719556,0.0015866719555731853,0.0004064678917170202,0.0004754090460271099,0.00436334787782626,0.0031733439111463705,0.0005062639770065932,0.005950019833399445,0.00045835812680603666,0.0005147956482943057,0.00044287458698580095,0.0004989641083280422,0.002380007933359778,0.00044709616457840273,0.0004376376646408538,0.0004150453010855722,0.00039839352332555333,0.00436334787782626,0.001190003966679889,0.0005087517432091787,0.00753669178897263,0.000501364181357507,0.0004060697825899775,0.00041531256306682123,0.00044903098384762474,0.013486711622372074,0.002380007933359778,0.00045513193179468644,0.0019833399444664813,0.0004942997017332537,0.0031733439111463705,0.0004463046882611907,0.00043958624770466006,0.00436334787782626,0.0005040034161247212,0.00040278842485239904,0.00041143086915924887,0.0004952719975499375,0.0019833399444664813,0.00045302989258794234,0.0004995443733304746,0.00042374017224258123,0.0031733439111463705,0.0004147763485014024,0.00041210113656203745,0.0015866719555731853,0.0005018120926386999,0.001190003966679889,0.00043559491135909575,0.0019833399444664813,0.00040935579755645266,0.0004157226108905747,0.0004933870355651539,0.0007933359777865926,0.001190003966679889,0.00048453320429281237,0.002380007933359778,0.0004941767474122935,0.0007933359777865926,0.0005007574667233501,0.0005162957406281295,0.0019833399444664813,0.0004026317756973063,0.0005152516267700614,0.0004458069548259502,0.0015866719555731853,0.0005082386971148819,0.0007933359777865926,0.001190003966679889,0.0005199775102052732,0.0005261452349974789,0.00045266962303305646,0.00048471048134171563,0.0004890894693431976,0.00041126179476167184,0.0015866719555731853,0.0015866719555731853,0.0005259117774475539,0.00045382588430152115,0.00044573846310672804,0.00045668856399531916,0.00044101676207398895,0.005950019833399445,0.002380007933359778,0.00040866076023877626,0.0005019707137462385,0.0005061801714539768,0.00044840632905579654,0.0007933359777865926,0.00046718097288329523,0.00048478977309809624,0.0007933359777865926,0.00041394882762690833,0.00044164449071969967,0.00042917195893719327,0.0003980850978618147,0.0004615232635560521,0.0004430794456624912,0.0004360539020000082,0.001190003966679889,0.0004699115565507964,0.0005199274089280159,0.0019833399444664813,0.0031733439111463705,0.0005097071776687792,0.0015866719555731853,0.0004171907391436605,0.0005018806525297288,0.0031733439111463705,0.0004132165263420664,0.0004426394382158372,0.0004921587134605658,0.0019833399444664813,0.001190003966679889,0.0004132420071361623,0.00041562056084034954,0.0005161018603988332,0.0004239291007313464,0.00043661368388118923,0.00046904515093941615,0.0005258823312246907,0.0005118808034612727,0.0007933359777865926,0.0007933359777865926,0.0003982008726263776,0.0005230189878404193,0.0004740026220314201,0.0015866719555731853,0.0004509850137598642,0.0004051309286167311,0.0004085030641000894,0.0005252533125816012,0.000473021075854695,0.000430049455291513,0.00045844598785753355,0.0005025531261109457,0.0004672735502051058,0.0015866719555731853,0.0004970548240102065,0.0004414447976559376,0.0005105090567742283,0.00045098369242943645,0.0004643967420053522,0.0004065011711154873,0.0004295231256565453,0.0004870647673427797,0.00043402463358692357,0.0005171083813068477,0.0007933359777865926,0.002380007933359778,0.0004483648493854539,0.000515860912320745,0.0005020632082754763,0.0004648269467457635,0.0004558479176729987,0.00043019425953774303,0.0005221826157959349,0.002776675922253074,0.00041975039035671764,0.0007933359777865926,0.0005081857739318994,0.0007933359777865926,0.001190003966679889,0.001190003966679889,0.002776675922253074,0.0005001190393985259,0.00042392809334065195,0.00046811665626366475,0.0019833399444664813,0.0004963134084739041,0.0005043761430976594,0.001190003966679889,0.0015866719555731853,0.001190003966679889,0.001190003966679889,0.00043804960821712747,0.00046922962568305446,0.0007933359777865926,0.0004085575119707687,0.0015866719555731853,0.0004176632033107293,0.0019833399444664813,0.002776675922253074,0.0007933359777865926,0.0007933359777865926,0.0004089426532882894,0.0004670924795570662,0.0004093293016335785,0.0004988463797264872,0.0004891673860384869,0.0005029708466663269,0.002776675922253074,0.001190003966679889,0.0004148215640535312,0.0004114321532799456,0.0007933359777865926,0.000445935506134176,0.0015866719555731853,0.00042173525274574286,0.0004580020872954738,0.001190003966679889,0.00040151397635672647,0.0005229350490854692,0.0019833399444664813,0.00045645019968719447,0.0004297343760128,0.0019833399444664813,0.0004513293594917688,0.0015866719555731853,0.0007933359777865926,0.0004558161791838763,0.0015866719555731853,0.0004966527097553007,0.001190003966679889,0.00040978604800479657,0.0004811154254428863,0.0005120363957673036,0.0004219021693385456,0.0007933359777865926,0.00040790349087412633,0.007140023800079333,0.00046766577190194295,0.0004245464197385705,0.0007933359777865926,0.00048710068005578005,0.0005128189291852039,0.001190003966679889,0.0005232013449573502,0.002776675922253074,0.0005227778540197827,0.0005234239207300012,0.000500871392819755,0.0015866719555731853,0.0007933359777865926,0.00039712103058531543,0.001190003966679889,0.0004142701134805865,0.0007933359777865926,0.0004489154179223898,0.0019833399444664813,0.002380007933359778,0.0005232549777868522,0.0004992613266979348,0.0004891824353345672,0.0004180247815212335,0.00046427536656099585,0.0004418145762954732,0.0015866719555731853,0.0005228395290653892,0.00047448829343918833,0.0019833399444664813,0.0031733439111463705,0.0004101822664281173,0.0004470623856644216,0.0004161962290609419,0.0004189849920036849,0.00039707291084458156,0.001190003966679889,0.0004670891130175907,0.0007933359777865926,0.001190003966679889,0.0005005731575649403,0.001190003966679889,0.0004039545578493811,0.00042615127179048714,0.00040549487570365526,0.0005187778401797223,0.0005078048434681557,0.00047513954791322653,0.0004102487888780715,0.0004814553760836669,0.00043242546685602694,0.0019833399444664813,0.0007933359777865926,0.0003997069318737497,0.0015866719555731853,0.00044902699219528507,0.0004248873652179681,0.0004510165970771627,0.0007933359777865926,0.0005261888328976268,0.00048084902026464114,0.002776675922253074,0.00046855050274339464,0.0005117635975243425,0.0003995794103631691,0.0004071619068017514,0.0005022213030537624,0.000477594398479253,0.005950019833399445,0.0004032619527233335,0.00040724612068999207,0.0005012880261512461,0.0035700119000396666,0.0004354763780442564,0.00040160595432698986,0.0004088485157959868,0.001190003966679889,0.0004551342647373176,0.0003978388212607331,0.00046284185533411156,0.0005177463931320353,0.002776675922253074,0.00047894270203000986,0.0004983912065926652,0.0007933359777865926,0.00041630531089864397,0.0007933359777865926,0.0004450212595888631,0.0004956098300370421,0.0015866719555731853,0.0015866719555731853,0.00041815057667709784,0.0003999929307209081,0.001190003966679889,0.0019833399444664813,0.00042849327219983093,0.026180087266957558,0.0005225583217476893,0.007140023800079333,0.0019833399444664813,0.001190003966679889,0.00047050902747251166,0.002776675922253074,0.002776675922253074,0.0004426130765436386,0.0005031225805430624,0.001190003966679889,0.00040633684564779786,0.0007933359777865926,0.0007933359777865926,0.001190003966679889,0.0005278603929243043,0.00041273553710271117,0.0015866719555731853,0.00043369032622166077,0.0035700119000396666,0.0004595420513434423,0.002380007933359778,0.0004027149040208356,0.00048452682952447135,0.001190003966679889,0.00040772874466399816,0.00046613125656659387,0.0004503850392680114,0.001190003966679889,0.0004968774450047329,0.00872669575565252,0.00045213424347243,0.002776675922253074,0.002380007933359778,0.0004169136633411048,0.0004393912068109226,0.002380007933359778,0.000509790179929964,0.0004105449570825094,0.00045604554227757617,0.0004922858799040066,0.0004099841678554903,0.0004068891147859224,0.003966679888932963,0.002380007933359778,0.0004025636207938127,0.0004542575083781693,0.000472959362202605,0.0019833399444664813,0.0004899301697662707,0.0019833399444664813,0.0004956164510020517,0.0004267743662224414,0.00048511675329654077,0.0015866719555731853,0.0005041796133956865,0.0004989204304056719,0.0004384835142807515,0.000496913387108374,0.0004960288255513653,0.0015866719555731853,0.00052202832053252,0.00043216330821945175,0.0007933359777865926,0.004760015866719556,0.0003986169838316877,0.0015866719555731853,0.0007933359777865926,0.0007933359777865926,0.001190003966679889,0.0004948590947502748,0.001190003966679889,0.000406603975402913,0.00044746700669206656,0.0015866719555731853,0.0005103324896032594,0.0007933359777865926,0.0007933359777865926,0.00043547192421503224,0.0005200120646643727,0.0004860254623797616,0.00436334787782626,0.0004325840113706009,0.005156683855612852,0.00043665205370292746,0.00047739577245212384,0.001190003966679889,0.0019833399444664813,0.0004197351017626231,0.0004596601314362182,0.0031733439111463705,0.00753669178897263,0.002380007933359778,0.0015866719555731853,0.004760015866719556,0.0005031877407368298,0.0004292012783302994,0.001190003966679889,0.0004162400251213461,0.00041293147921959625,0.00042002619261671874,0.0004852413941387058,0.0015866719555731853,0.00048296687053267284,0.002380007933359778,0.001190003966679889,0.0004682303687501529,0.00046270513733467374,0.0005267018031017468,0.0019833399444664813,0.0007933359777865926,0.0007933359777865926,0.0004571305126357527,0.001190003966679889,0.0004902970366929332,0.0031733439111463705,0.00043472780054462147,0.00045756781994411963,0.0004419389932490098,0.00043615709397159413,0.009916699722332408,0.0005193454520539039,0.00043111805917823867,0.001190003966679889,0.004760015866719556,0.002776675922253074,0.002380007933359778,0.0004335963200457666,0.001190003966679889,0.01824672748909163,0.0005227061869537661,0.02380007933359778,0.001190003966679889,0.0005121008632450215,0.001190003966679889,0.0015866719555731853,0.0005275019264658547,0.0015866719555731853,0.001190003966679889,0.001190003966679889,0.00042534390449545207,0.00044542858185867517,0.0004036309568589461,0.011503371677905593,0.0005211728204129067,0.00050120365895678,0.0004895212961643268,0.0019833399444664813,0.00045557832533703644,0.0015866719555731853,0.002380007933359778,0.002380007933359778,0.0004427189837722602,0.0019833399444664813,0.00043794644229964064,0.005156683855612852,0.001190003966679889,0.001190003966679889,0.0005206955559837165,0.0005105432743335555,0.00041540915619515137,0.0015866719555731853,0.0005108241101117683,0.00044299985316236375,0.00041249249344058075,0.00040496291917743455,0.0004738152191842949,0.0007933359777865926,0.0005113570162499733,0.0004333111563842265,0.0015866719555731853,0.000480120624322887,0.001190003966679889,0.00039875954005124385,0.001190003966679889,0.007933359777865925,0.005156683855612852,0.014280047600158666,0.00042870087219608067,0.00047326314914809196,0.0005237909780369626,0.0005167735255512936,0.0004772615197176422,0.00045315203015706593,0.0015866719555731853,0.0005107384238420162,0.0005148628416829505,0.003966679888932963,0.0005179870650528969,0.0004657938831151738,0.00041726519994174155,0.0035700119000396666,0.00045438131115146404,0.002776675922253074,0.001190003966679889,0.009916699722332408,0.00046499069225064426,0.0004200210233737155,0.001190003966679889,0.0004986553242796322,0.0004216627485484794,0.0005248633790427534,0.00044686861702337364,0.0004559224627355946,0.001190003966679889,0.0007933359777865926,0.00048205288056798806,0.0004916664818964093,0.000444335303947912,0.002380007933359778,0.00046783816176961516,0.0004784600705965148,0.002380007933359778,0.00048757980958480585,0.002776675922253074,0.0005173092381219654,0.0015866719555731853,0.0035700119000396666,0.0004400220865979242,0.0005273043280966465,0.006743355811186037,0.0004953851537585265,0.0004914522721687835,0.0019833399444664813,0.0015866719555731853,0.00039702276888939315,0.0004363273668393035,0.0007933359777865926,0.00044128284863521823,0.0005251839913902379,0.0007933359777865926,0.0005280043092478435,0.0005135059343967887,0.00040602530272420856,0.0004886156184127291,0.001190003966679889,0.0007933359777865926,0.0007933359777865926,0.0004810431632448043,0.0004935893394606596,0.00044210796745809087,0.001190003966679889,0.0004087313242663953,0.0004000031173586265,0.0004719767618691176,0.005156683855612852,0.00041300292645390116,0.001190003966679889,0.0035700119000396666,0.0007933359777865926,0.0005187673671855151,0.00046221114538750783,0.0005223149549439394,0.00043654155769057897,0.00041649566561835163,0.0004068561176654735,0.00041125296164882776,0.0015866719555731853,0.0004525388981995928,0.00042012258475218796,0.00042142179448871093,0.00041160286917860903,0.0005136775349352199,0.0019833399444664813,0.0005013542974482295,0.0004411625647339715,0.001190003966679889,0.0019833399444664813,0.0007933359777865926,0.0007933359777865926,0.0004602374085939333,0.002776675922253074,0.0004744147938358767,0.0004575322785673153,0.001190003966679889,0.0004518373438837004,0.001190003966679889,0.00040096781748400737,0.0004028469016223723,0.00042689387911845606,0.000497557277310966,0.0004856227670482621,0.0004289597117848858,0.0019833399444664813,0.0004102950457706065,0.009520031733439112,0.002380007933359778,0.0007933359777865926,0.0004995593553335988,0.0007933359777865926,0.0007933359777865926,0.003966679888932963,0.000507058492406048,0.000509147255096459,0.00046000630562652626,0.0004490586140238837,0.00043556608141366956,0.0004036156736229919,0.00043034571863750817,0.001190003966679889,0.0015866719555731853,0.0004865832829659579,0.0007933359777865926,0.00041260572105370613,0.0004394112601195904,0.0003981654634280128,0.0004437152454410264,0.0005235591711850585,0.0015866719555731853,0.09480364934549781,0.0004417407849505775,0.00042211537496483846,0.0007933359777865926,0.00046802400369639317,0.0005152567595340402,0.00042105721964992533,0.0004960938951905591,0.0007933359777865926,0.0004351198540720135,0.0004798485102419718,0.0004103409373541767,0.0004126599204131529,0.0005041436246901058,0.001190003966679889,0.0004181549933478744,0.001190003966679889,0.0004298233450825872,0.0004563878450112237,0.004760015866719556,0.00041142144111381917,0.0005243257706403174,0.01745339151130504,0.002380007933359778,0.0005196229013383902,0.0004206004378402501,0.0004432234057300972,0.0007933359777865926,0.001190003966679889,0.0005094414300477066,0.0005000393653625915,0.0019833399444664813,0.002776675922253074,0.0004428750010163656
DNMT3A	108,109,110,114,143,168,173,181,201,231,234,239,241,243,243,244,254,259,280,281,289,295,296,297,298,299,3,301,303,306,307,310,313,314,317,320,324,326,327,330,332,334,337,338,340,344,346,347,356,36,361,366,373,380,379,387,388,402,409,410,413,414,415,418,419,420,437,442,445,459,497,497,497,498,498,500,514,516,519,520,523,527,532,533,533,534,543,548,549,553,556,557,557,559,568,574,575,577,581,596,597,598,599,6,604,606,615,62,627,635,636,637,643,650,655,657,659,660,662,673,675,675,677,679,679,681,684,683,685,687,688,688,692,698,699,699,700,702,703,705,707,707,710,713,714,716,717,718,720,729,731,732,732,732,734,735,736,737,738,741,742,743,746,749,751,752,753,753,753,754,755,755,756,757,757,759,765,768,773,774,777,778,780,784,787,792,793,795,799,80,801,803,815,817,821,826,835,837,838,838,842,846,849,860,860,882,890,893,895,897,899,901,904,907,908,290
DNMT3A	1.246761109937598,1.0261770368591283,1.1147286031819887,1.0522405764835607,1.2462253291290764,1.0477349220266585,1.1031116499359275,1.3027795121248962,1.1784743464736736,1.2077184228280953,1.294607371297888,1.211285230541567,1.013058245238297,1.2193819712191911,1.1115471437352937,1.3114846748613869,1.144375819440667,1.1717909327616065,1.2408842799982525,1.1617746640775657,1.0597374834321143,2,3,1.2494386206659343,1.0285017325496515,2,1.1539797738834279,1.214790224803953,1.332973780586507,2,1.18203439512746,1.2383020898448427,4,2,1.0425240590412321,4,1.1067536781460423,6,1.0598516507295026,2,4,2,3,1.0833533228904033,1.0344721219427475,1.259552642160221,1.0180628977823516,1.0345027524248942,1.2125241008996457,1.1942934921314425,1.280975682955015,2,1.3072559901545535,1.1474523421564915,5,1.2631846879169644,1.317668800807167,1.135164779965035,1.2503836176392271,1.094530808762765,1.2105434738925103,2,1.1399854743020033,1.1626578634560791,1.1797318466441673,1.222375757188547,1.012694414332814,1.0338806410942172,1.1840407255655634,1.1143134982556562,1.0325070843405393,2,1.068352415182877,1.2524336572226666,1.1157568809621696,1.330984627027704,1.2207519256281054,1.1943434416099588,1.1980204427080245,1.2758721712014132,1.0291064424140939,1.1502818921932905,1.1673373873665174,1.0265577564740742,2,1.0036456460526832,4,1.058134600914585,1.0202029054103483,1.0841284597935916,2,1.1811708676571098,1.170715547389928,1.1312769085407295,1.1230569955556595,1.3062279669052974,1.1488116529120334,2,1.2002938840283646,1.077663511705444,1.011256048574354,2,1.2154278094553914,1.0896666172287208,1.1703536101088565,1.1741201450935372,1.2838560431976835,1.2200491319999032,1.2749440258931792,8,4,1.1519929108066842,1.1642573180142373,1.0273874684243725,1.1653017265398598,2,2,3,1.0856829011935838,1.0915355759460368,1.1995080078440503,1.227123825222703,1.1352333394707252,1.1912459141089757,1.317781118833303,1.0511575919098763,1.0256244509119916,1.307176388468613,3,1.086627262151215,1.0049651272120352,2,1.2115330163850284,1.0370344205032525,3,1.2537871788829942,2,2,2,2,2,1.0065645569463562,1.174947975125497,1.0402904093476228,2,1.064457467890478,1.2461500368718474,1.167747233831068,1.235677672613346,5,3,1.3169469579534785,1.1887460562178411,4,1.2416246459753957,5,10,1.0739476552246394,1.113237666747944,1.010372576454624,1.2530526455177493,2,1.095796185280502,4,2,1.1836525875411774,1.257647021827591,2,1.1706928481021404,1.1077060476830853,1.2148565017141688,4,1.1142941813202447,1.2111687930958674,1.1850781614489772,1.0615240895629636,1.0952165901364366,2,1.1449096774319656,1.1929980355993368,1.3241857937574757,1.150434865571211,3,1.2120416247956152,1.1505661284132103,1.0570346229046934,1.1051798886172053,2,4,1.100879587437316,2,1.1078204042073647,1.0492249188915441,1.2996427921965865,1.282072171186879,1.0032684657777196,1.0676993362367075,1.2482295872367668,1.040893047831316,1.006088752614151,2,3,1.2365378538855083,1.0926873110368176,1.0541083798911342,15,2,1.311793915699825,1.2327632956831118,1.1526419057823485,3,1.1359216458233954,5,1.2765404430873777,1.3286149471161683,1.2499307824343195
PPM1D	399.0,400.0,404.0,405.0,405.0,406.0,407.0,408.0,410.0,411.0,414.0,415.0,416.0,419.0,421.0,421.0,423.0,424.0,424.0,426.0,427.0,427.0,428.0,429.0,433.0,435.0,436.0,438.0,442.0,444.0,445.0,446.0,446.0,447.0,447.0,448.0,450.0,450.0,451.0,453.0,455.0,456.0,457.0,458.0,459.0,459.0,460.0,461.0,462.0,462.0,463.0,464.0,465.0,466.0,467.0,468.0,468.0,469.0,470.0,471.0,472.0,472.0,473.0,474.0,475.0,475.0,476.0,476.0,477.0,478.0,478.0,479.0,480.0,480.0,481.0,482.0,483.0,484.0,484.0,485.0,486.0,487.0,488.0,489.0,490.0,490.0,490.0,491.0,502.0,503.0,503.0,504.0,505.0,506.0,508.0,509.0,510.0,510.0,512.0,513.0,513.0,514.0,515.0,516.0,516.0,518.0,519.0,520.0,520.0,521.0,524.0,525.0,525.0,527.0,527.0,528.0,529.0,531.0,532.0,533.0,534.0,535.0,536.0,538.0,538.0,539.0,540.0,540.0,541.0,543.0,544.0,545.0,546.0,548.0,548.0,549.0,550.0,552.0,570.0,571.0,572.0,574.0,575.0,576.0,577.0,579.0,581.0,582.0,591.0,605.0
PPM1D	0.002049778275218879,0.0018785737539967397,0.003110419906687403,0.006220839813374806,0.0016809613684125567,0.0016979806347485107,0.0017138056023766747,0.0016554960541602009,0.001951784420003457,0.0016265886920250438,0.0018255326321917204,0.0016062053478368972,0.002001071843091767,0.0018112785510342967,0.0017205346626925548,0.003110419906687403,0.0020379823610024864,0.004665629860031105,0.003110419906687403,0.0017147428660508755,0.004665629860031105,0.01866251944012442,0.0017594678090937918,0.01866251944012442,0.003110419906687403,0.0016746869440649223,0.0016596753451678372,0.0016996781514139825,0.001606289034398109,0.003110419906687403,0.0019619217220273686,0.001801194311045112,0.01088646967340591,0.012441679626749611,0.004665629860031105,0.0020486169622574595,0.003110419906687403,0.007776049766718507,0.003110419906687403,0.004665629860031105,0.0017509924509394328,0.002024839297716161,0.0019062614395483615,0.01866251944012442,0.006220839813374806,0.0020698280564849024,0.0019035857294660264,0.006220839813374806,0.003110419906687403,0.015552099533437015,0.00933125972006221,0.001973494036356035,0.001587939865623108,0.004665629860031105,0.001666076620542536,0.001948507249538126,0.024883359253499222,0.0019247160313312875,0.001870099555332868,0.02021772939346812,0.004665629860031105,0.006220839813374806,0.004665629860031105,0.003110419906687403,0.01088646967340591,0.0019282606198877366,0.0016164577758230536,0.004665629860031105,0.00933125972006221,0.004665629860031105,0.05287713841368585,0.015552099533437015,0.015552099533437015,0.006220839813374806,0.006220839813374806,0.0018283105465906945,0.03110419906687403,0.0020518565518841555,0.027993779160186624,0.0018368524667993586,0.001663887528892783,0.0017699631615449678,0.0018613605949928413,0.004665629860031105,0.001600855837674226,0.0020431992526641807,0.004665629860031105,0.0016763067435511308,0.0016295172115621212,0.0015880938357259666,0.012441679626749611,0.0015724582165166678,0.0016275682172001468,0.004665629860031105,0.001971977134561074,0.007776049766718507,0.02021772939346812,0.01866251944012442,0.00933125972006221,0.0017904499320617168,0.004665629860031105,0.004665629860031105,0.003110419906687403,0.0020558952185229648,0.02021772939346812,0.0019443116520111987,0.0016158630122155386,0.00933125972006221,0.007776049766718507,0.0016912546250659698,0.012441679626749611,0.0020424067024472116,0.00933125972006221,0.00204873449971449,0.004665629860031105,0.0016633208177678292,0.001911234225130897,0.0018893984180444778,0.015552099533437015,0.001648130277021538,0.02177293934681182,0.0015675788848466016,0.001883733429050781,0.006220839813374806,0.012441679626749611,0.0019291003200633153,0.00933125972006221,0.007776049766718507,0.004665629860031105,0.004665629860031105,0.013996889580093312,0.0018815477562721342,0.01088646967340591,0.004665629860031105,0.004665629860031105,0.00172427265260699,0.0017153167553814574,0.09175738724727839,0.0017667792352609863,0.00933125972006221,0.05287713841368585,0.0017063180118669168,0.004665629860031105,0.0017500222748092027,0.001705133110325842,0.0019591469014347577,0.02177293934681182,0.0020243694562386946,0.0016487732957734128,0.0019628600082816517
PPM1D	152,20,213,229,248,259,260,338,39,427,429,429,446,448,453,455,458,462,468,476,478,479,483,486,491,502,503,510,516,525,529,531,532,537,538,539,539,546,548,549,552,572,599
PPM1D	1.308727064010873,1.0948770964163255,1.3186522300041106,1.1333801179448346,1.0226796857115994,1.2493631270288428,1.3305610243923918,1.2775476123623561,1.0248627244582045,1.2832913207657852,2,1.2551541232531245,2,2,1.2795442524607987,1.1166183391196662,3,2,2,1.0226047337985755,4,1.1575145367142872,5,1.3183556710582338,1.2209398138092658,1.0949674049102502,1.3289846081501473,1.2654291457943514,1.0200541249664887,1.25574277231222,1.3125820967132542,1.2528602390575245,1.3035885439109596,1.2218573604679048,1.2339750053773173,1.1047809466751062,1.2412390622898215,1.0100975141675708,1.1501231456045866,1.2376666477219735,5,3,1.0720837943878927
ATM	6.0,23.0,23.0,82.0,93.0,187.0,189.0,215.0,221.0,221.0,246.0,248.0,250.0,258.0,292.0,332.0,337.0,353.0,399.0,421.0,429.0,448.0,491.0,496.0,517.0,536.0,537.0,559.0,704.0,716.0,720.0,857.0,880.0,1014.0,1022.0,1026.0,1027.0,1056.0,1193.0,1205.0,1226.0,1234.0,1283.0,1293.0,1352.0,1501.0,1693.0,1726.0,1953.0,1980.0,2019.0,2021.0,2024.0,2033.0,2039.0,2091.0,2168.0,2185.0,2299.0,2301.0,2359.0,2389.0,2394.0,2399.0,2405.0,2408.0,2438.0,2440.0,2441.0,2443.0,2445.0,2452.0,2458.0,2466.0,2488.0,2489.0,2490.0,2544.0,2557.0,2606.0,2659.0,2700.0,2718.0,2722.0,2724.0,2725.0,2743.0,2755.0,2765.0,2801.0,2832.0,2849.0,2853.0,2872.0,2875.0,2876.0,2886.0,2888.0,2889.0,2891.0,2911.0,2913.0,2948.0,2951.0,2954.0,2958.0,2993.0,3003.0,3006.0,3008.0,3030.0,3037.0
ATM	0.007295643726594669,0.006946921474930948,0.007026858520914572,0.0066052455212678345,0.008186226312609247,0.007815055332262708,0.0065088968396056854,0.00736121324379682,0.0068621413928554404,0.006412413758125688,0.007923358395211416,0.007134183037466163,0.0125,0.007975862998526963,0.0069687930221184495,0.007435760802999089,0.0375,0.007798472479448859,0.007263942511069277,0.008167735428641226,0.007527092680696909,0.0073980410132969045,0.006445231780922539,0.006731209322250377,0.006804807581663479,0.007658971687549092,0.006274817087788345,0.007030594158509204,0.006637501289455712,0.00700161411641303,0.008131329137648247,0.007416010856324649,0.006884529797444713,0.008101377872728122,0.008303134086005578,0.008118872967110478,0.008180827820186112,0.0076213840920899886,0.007041385873473198,0.007169753989219299,0.006395290442282327,0.0063763448870240436,0.007472339331594453,0.007042437715562633,0.006734820952144967,0.0072715111023808,0.007559958989598782,0.007586545574082934,0.008215966171403608,0.006457556518830428,0.008285074732836151,0.006524340636895549,0.007570121176706116,0.007719947522678459,0.00823691360955169,0.0072071852822343085,0.006320235769842665,0.006685843173667831,0.008267944136462289,0.006505060724370686,0.006688910286087793,0.007407796360970142,0.00788477642860395,0.007540471153371203,0.0072923051897711075,0.0125,0.01875,0.01875,0.006707925751600738,0.007094749496006035,0.006867105406078588,0.007735943845947333,0.007971934111533165,0.007505843058819435,0.007402301376256151,0.0125,0.007716637685171885,0.006752389178143467,0.006954228552230086,0.007498436381802779,0.008160435297672332,0.0072912892358801855,0.00735588599490522,0.006931010181678474,0.0064810418109926705,0.01875,0.01875,0.00712987836738929,0.007737925571187805,0.008090974508757749,0.05625,0.008087334709565387,0.0067009312227985975,0.008007659433441566,0.007979423742701693,0.006337728126259536,0.006958448439922551,0.00801865351590681,0.006509860415758602,0.0375,0.008018271978833032,0.006650226571111294,0.008246955523039567,0.008043666450715626,0.0065262938617691914,0.0068048915444853236,0.006656656917034672,0.0067385731468456,0.0125,0.08125,0.007896605637597563,0.007313993327239608
ATM	1017,1026,1086,1102,1141,1153,1158,1212,1220,1235,1252,128,1295,1312,1320,1357,1370,1480,1489,1502,1505,1521,1522,1591,1646,1676,1679,1698,1718,1746,1771,1773,1782,1805,1812,1842,1854,187,188,1911,1916,1993,2,200,2012,2019,2034,2043,2062,2063,2093,2162,2164,217,2266,2282,2289,2328,2349,2354,2384,2431,2439,2443,2489,256,2563,2567,2617,2622,2626,2627,2657,2673,2715,2729,2743,2776,2784,2785,2798,2832,2833,2873,2874,2889,2891,2893,2921,2930,2954,2971,2978,2996,3006,3008,3009,301,3032,3047,3048,332,337,341,350,367,401,409,41,501,63,724,727,735,738,746,749,769,795,826,93
ATM	1.0496067421041162,1.305229444312115,1.317130643404085,1.2613515143977752,1.1275397005419525,1.1572613391617168,1.315884091492134,1.3303918463361817,1.1602611867386363,1.1761570866257494,4,1.0009493625532344,1.0279108110643862,1.3317345337339122,1.3176135757109604,1.098025581245883,1.1187290374450176,1.2532768221688395,1.0156171657925466,1.012461722356519,1.3054300072918896,1.2587126592972109,1.178667095558795,1.0164321956973599,1.0352112747546236,1.1835174381317284,1.182803140706475,1.0388992603555187,1.3064029953461886,1.1864818442110752,1.0560971268804127,1.2304019167179068,1.0651688924969616,1.2897806138897352,1.0463306729414477,1.2983317495970734,1.2057410412604366,1.2989469584821454,1.195617352989262,1.2428026019135112,1.1725626613772417,1.1863427206319073,1.2715411882740528,1.2071795951732405,1.0417939923744122,1.2616709265869797,1.251263999299675,1.2063471842667817,1.0868796392588993,1.2195612125526751,1.020849476051558,1.283700194910912,1.039654613632043,1.0733836949577304,1.0738729654588082,1.152617064060132,1.3149763658035432,2,1.1020020893377438,1.112160565591187,1.1586824806554312,1.2506318506056164,1.1934877598133273,1.126958197216779,1.1214853202547597,1.3190220577533611,1.0308918109904397,1.1106845085307213,1.2252726390308883,1.271264419409564,1.0330025380362584,1.3279616012846986,1.2555159627702959,1.2134793504863672,1.0417303144543197,1.2270166436796852,2,1.0002981266390767,1.0540336343175927,1.0160238268061634,1.279665440535227,3,1.1703046648659226,1.0991999032710038,1.0037506747041127,2,1.2220453892119905,1.3259549473187349,1.0389052116736948,1.3282166491263687,1.1475790612690773,1.2677293291561116,1.0122014033229174,1.1654197970606512,1.2073729448348138,2,1.2409619382658597,2,1.0537233155785322,1.3296726748006726,1.0796142760447536,1.1895607681393043,3,1.0659875721800731,1.0697044765038795,1.2037674406426393,1.2940175369640659,1.1079812924167212,1.3107529848024542,1.2140662346147029,1.3215358965090487,1.0542951570307364,1.1821060781670139,1.1161851777270186,1.0155744296512466,1.3321809723614897,1.0937075774513942,1.2536996443965347,1.1321673158622056,1.226337315338432,1.0677189150294875
IDH2	114.0,140.0
IDH2	0.05372870495637877,0.9583333333333334
IDH2	103,140,149,213,225,245,289,307,377,382,391,40,416,420,422,429,437,47,60
IDH2	1.1998187467199966,9,1.2244468604225047,1.1500667188586713,1.254883236118513,1.1792461257022846,1.2085183410842544,1.21592054372965,1.0558441249899884,1.2558668633438046,1.2106737405596846,2,1.082481033050973,1.2572658578746363,1.3240978283136504,1.177694553088806,1.1632695238811859,1.062112280838324,1.0200873660596204
TP53	38.0,42.0,87.0,99.0,107.0,108.0,109.0,110.0,110.0,120.0,124.0,126.0,126.0,127.0,130.0,131.0,132.0,135.0,136.0,138.0,139.0,141.0,143.0,144.0,145.0,146.0,151.0,156.0,157.0,158.0,161.0,163.0,164.0,172.0,173.0,175.0,176.0,177.0,179.0,187.0,190.0,193.0,194.0,195.0,196.0,197.0,198.0,205.0,209.0,211.0,212.0,213.0,213.0,214.0,215.0,216.0,220.0,229.0,232.0,234.0,236.0,237.0,237.0,238.0,239.0,241.0,242.0,244.0,245.0,246.0,248.0,249.0,251.0,255.0,256.0,257.0,258.0,259.0,261.0,266.0,267.0,270.0,272.0,273.0,274.0,275.0,276.0,277.0,278.0,280.0,280.0,281.0,282.0,283.0,285.0,286.0,298.0,307.0,317.0,318.0,333.0,334.0,335.0,337.0,337.0,339.0,342.0,342.0,348.0,350.0
TP53	0.0047402578387503135,0.004689316286959541,0.005379469807196061,0.004797690076447637,0.004298805647892787,0.004664466720099978,0.004951160563194555,0.004607411606060174,0.00427999030414226,0.004798083893634835,0.004374660832179792,0.004858499754646136,0.0125,0.004911686898514849,0.00435840114481399,0.004917729022398889,0.016666666666666666,0.004343086907556763,0.004790786155711701,0.004909404310927825,0.004817838521315867,0.004757515614425706,0.020833333333333332,0.004178660869857961,0.004514707324431324,0.005413378653570304,0.0125,0.008333333333333333,0.004452592470254302,0.004547377200377985,0.004496652988637541,0.004368670592484499,0.004445080520410379,0.005326608536142246,0.0125,0.04583333333333333,0.016666666666666666,0.005286371970061077,0.03333333333333333,0.0049511191498250095,0.005130447927140089,0.0054232345131634925,0.004625760360361829,0.0125,0.005276652434414135,0.004773495370532385,0.0047804964674696224,0.005286819761208248,0.004974040928322704,0.005061059897358232,0.004908078576913372,0.004494283814667617,0.0125,0.005128441732767511,0.004496167088040641,0.016666666666666666,0.0625,0.005035701790742196,0.005042480538944104,0.005393518831060682,0.005108821841773246,0.005403216783904224,0.020833333333333332,0.016666666666666666,0.00502541420173103,0.005240113281150546,0.004192357770781354,0.005360788744388865,0.025,0.0125,0.04583333333333333,0.0055039301661933705,0.005516740134064004,0.005086133613989824,0.00471131394538186,0.005492843187495506,0.005175941515426423,0.005184601725092333,0.005183060870260672,0.029166666666666667,0.016666666666666666,0.0044154138265337815,0.0375,0.07083333333333333,0.004878740200503408,0.020833333333333332,0.0125,0.020833333333333332,0.0125,0.00440436936270451,0.005488827546645423,0.008333333333333333,0.008333333333333333,0.005365980200324856,0.005550410890214059,0.005266041459575326,0.004868740953608106,0.005430310682076017,0.005310748812698772,0.005462267433411445,0.0042998707818727305,0.005022442940957745,0.004502800369331413,0.004631496212997038,0.004726676489998241,0.004714032683665487,0.00546164095498219,0.004420578446433998,0.005061878017754106,0.004304701279698144
TP53	110,125,128,132,138,141,154,157,163,179,192,195,202,203,220,237,238,245,247,248,257,266,27,272,273,275,277,282,290,306,306,361
TP53	1.1054170898938596,1.1771135374602968,1.2198813990096116,1.1602394922410886,2,1.2143674025637197,1.2773674534429622,1.2959156901649522,1.2240217987371507,1.1780704089796257,1.2461289907025273,1.2081273394612018,3,1.267101043287978,1.2296882234459539,1.298625233366411,1.2644067683397753,5,1.3319229066772094,4,1.2413139666447992,1.0644670967577743,1.2735776722457672,1.0207765134663644,1.2992632247438052,1.3285055901167246,1.2277918373582202,1.3103886799268987,1.1487854389046193,1.052699578022422,1.3222583818744824,1.2381059840496296
MYD88	108.0,180.0,217.0,232.0,265.0,292.0
MYD88	0.10104911625391291,0.12038111692021433,0.2,0.2,0.3,0.12405522509689622
MYD88	102,116,126,146,149,173,19,21,238,239,273,294,298,313,316,317,36,57,62,62
MYD88	1.2635727768745473,1.1033153098136042,1.1626347094455975,1.306675311173572,1.1543847611386526,1.0341804622699358,1.139293874610532,1.1655072550325647,1.2959967993510513,1.098772838062534,6,1.2506803512208693,1.1435553621534944,1.0093524944022272,1.266297128294877,1.190097325101505,1.1192509890157532,1.1197775390986862,1.101400881051472,1.252992941478415
NOTCH1	39.0,43.0,105.0,128.0,592.0,725.0,812.0,825.0,841.0,870.0,919.0,1022.0,1091.0,1208.0,1440.0,1473.0,1560.0,1622.0,1640.0,1643.0,1672.0,1837.0,2024.0,2176.0,2353.0,2393.0,2514.0
NOTCH1	0.037061562836080295,0.03637598931910523,0.03657655509888474,0.039322312570844994,0.06896551724137931,0.03655791595372925,0.037890045364894306,0.044955241808519814,0.034998373348622616,0.04448559960731776,0.04055300698541968,0.03677737256846951,0.03586256489310812,0.03476318316884929,0.03968383177330079,0.036675893205045364,0.04284193822600238,0.03890874178633211,0.03475603032544226,0.03965609598203584,0.03648339503521088,0.04175558739017377,0.04043358947674185,0.03745729327281187,0.03709984881073184,0.0443956941564337,0.06896551724137931
NOTCH1	1006,1028,1064,1068,1071,1071,1072,1105,112,1133,1158,1165,121,1260,1269,1303,1402,1403,1417,1434,1436,1462,1472,152,1543,1556,1558,157,1570,1572,1578,1642,167,1684,1687,169,1721,175,1750,1760,1763,1767,1854,1861,1863,1870,1889,1897,1926,1944,1950,1962,1984,2012,2023,2037,2043,2085,2104,2179,22,2248,2299,2311,2327,2366,2368,2372,2416,2446,2474,2491,2512,2541,2544,268,274,342,350,375,376,408,412,426,426,427,495,503,504,535,541,615,646,649,662,663,685,751,779,796,808,858,86,869,876,881,888,935,938,957,973
NOTCH1	1.2598166548524614,1.2490578034557838,1.289522430897973,1.1724032336415435,1.0631574145877107,1.1550767835903857,1.1796793253249982,1.2342031521415793,1.1518973976300282,1.3198266258383375,4,1.082308498003803,1.258679560696161,2,1.2725104839900263,1.139149637491471,1.0181286100959666,1.0142636581034346,1.309220731300536,1.0520924974769745,1.118509944592052,1.206650072061132,1.1844103226862763,1.2618546846198944,1.11099024500337,1.1981555870114415,1.2121926374814578,1.0824709972291928,1.181019205249206,1.0145703734227014,1.2067865062962317,1.1492190223162562,1.0188904340224576,1.1940154841564934,1.20175320198507,1.1862463279053224,1.01685055009497,1.1671737723451536,1.301245322741878,1.1974458317935703,1.3196717628598873,1.1401649229647446,1.133038073015799,1.26312566651264,1.1545356266975597,1.023878936895523,1.308160878902251,1.1751428865816305,1.0475060422091966,1.040394681270843,1.1128281999287553,2,1.1553393996440446,1.1793101618928703,1.1053813501368361,1.289546195224189,1.1152805857631898,1.150336986346459,1.068648621889299,1.0367008842271024,1.303090568190735,1.1785908533012799,1.2007399416044344,1.208417223720607,1.287558254498205,1.0888319883942947,1.3015844970754997,1.3104339778005705,1.2983545305896604,1.1147726431821583,1.2125321583127024,1.031802029933137,1.0360091562993052,1.2688601305633362,1.2839664780798565,1.2377785404007444,1.1908135036843774,1.26332384245626,1.2313780294563341,1.1715271110039547,1.1856568984743912,1.0405442354936258,1.2834686036086436,2,1.088110145111334,1.1400712226844014,1.1211966188562137,1.1901161378388299,1.1715568457212604,1.0111864287167287,1.1287963316437188,1.1083333040557548,1.0347399479851491,1.250305363599664,1.0581533918342563,1.0011555135747676,1.1920925515679732,1.1659393626104486,1.0780494815140205,1.0112429616133727,1.2948669506553219,1.2508761208966002,1.0817889524343314,1.0159220335178811,1.1618042943044404,1.0138519670905137,1.2923910549811541,1.0260888985383256,1.219447065737568,1.1291762371057241,1.2336396138597696
TET2	3.0,14.0,19.0,30.0,32.0,70.0,83.0,88.0,93.0,96.0,101.0,102.0,113.0,116.0,118.0,123.0,134.0,136.0,138.0,146.0,147.0,157.0,161.0,161.0,167.0,169.0,171.0,177.0,185.0,198.0,203.0,209.0,211.0,212.0,215.0,216.0,217.0,218.0,222.0,223.0,227.0,229.0,230.0,232.0,234.0,245.0,251.0,252.0,255.0,265.0,273.0,274.0,281.0,298.0,305.0,314.0,315.0,317.0,321.0,324.0,325.0,327.0,335.0,342.0,351.0,353.0,354.0,359.0,361.0,368.0,373.0,373.0,375.0,381.0,383.0,393.0,394.0,402.0,403.0,405.0,417.0,420.0,420.0,421.0,424.0,426.0,432.0,440.0,445.0,470.0,477.0,481.0,481.0,483.0,491.0,498.0,499.0,516.0,518.0,520.0,521.0,526.0,532.0,535.0,538.0,540.0,543.0,544.0,550.0,553.0,560.0,564.0,564.0,565.0,566.0,568.0,573.0,574.0,585.0,588.0,591.0,592.0,605.0,608.0,612.0,618.0,620.0,621.0,626.0,626.0,631.0,635.0,641.0,642.0,644.0,649.0,652.0,653.0,654.0,654.0,656.0,671.0,684.0,684.0,685.0,686.0,688.0,691.0,694.0,695.0,700.0,705.0,705.0,708.0,710.0,711.0,716.0,721.0,724.0,726.0,729.0,731.0,734.0,741.0,742.0,744.0,744.0,749.0,750.0,753.0,754.0,754.0,757.0,758.0,761.0,762.0,764.0,765.0,769.0,769.0,770.0,770.0,774.0,774.0,778.0,783.0,783.0,794.0,798.0,798.0,800.0,808.0,809.0,810.0,811.0,815.0,818.0,819.0,825.0,828.0,829.0,830.0,831.0,831.0,843.0,849.0,851.0,853.0,856.0,856.0,858.0,861.0,862.0,878.0,881.0,886.0,887.0,889.0,891.0,892.0,892.0,902.0,909.0,913.0,916.0,916.0,927.0,929.0,933.0,938.0,939.0,939.0,947.0,954.0,957.0,958.0,960.0,963.0,967.0,972.0,996.0,1021.0,1022.0,1023.0,1038.0,1039.0,1043.0,1044.0,1044.0,1050.0,1053.0,1059.0,1068.0,1070.0,1074.0,1084.0,1091.0,1100.0,1103.0,1106.0,1107.0,1112.0,1113.0,1115.0,1119.0,1124.0,1127.0,1129.0,1135.0,1137.0,1138.0,1141.0,1146.0,1148.0,1150.0,1151.0,1153.0,1154.0,1154.0,1158.0,1159.0,1160.0,1167.0,1167.0,1167.0,1172.0,1173.0,1175.0,1176.0,1177.0,1178.0,1182.0,1183.0,1191.0,1191.0,1193.0,1194.0,1197.0,1199.0,1202.0,1207.0,1208.0,1211.0,1211.0,1212.0,1212.0,1213.0,1214.0,1216.0,1218.0,1219.0,1220.0,1221.0,1222.0,1225.0,1226.0,1236.0,1239.0,1241.0,1243.0,1244.0,1245.0,1245.0,1247.0,1248.0,1253.0,1255.0,1255.0,1261.0,1262.0,1263.0,1266.0,1267.0,1268.0,1269.0,1271.0,1271.0,1271.0,1272.0,1273.0,1274.0,1274.0,1275.0,1280.0,1282.0,1284.0,1287.0,1288.0,1289.0,1290.0,1292.0,1294.0,1297.0,1298.0,1298.0,1299.0,1302.0,1303.0,1305.0,1307.0,1307.0,1309.0,1310.0,1317.0,1318.0,1319.0,1322.0,1329.0,1330.0,1332.0,1332.0,1333.0,1333.0,1337.0,1340.0,1340.0,1341.0,1344.0,1346.0,1348.0,1348.0,1349.0,1352.0,1354.0,1359.0,1360.0,1361.0,1362.0,1366.0,1367.0,1368.0,1369.0,1369.0,1371.0,1376.0,1377.0,1378.0,1380.0,1380.0,1382.0,1384.0,1385.0,1386.0,1387.0,1387.0,1391.0,1392.0,1393.0,1395.0,1395.0,1397.0,1404.0,1405.0,1409.0,1414.0,1414.0,1416.0,1417.0,1418.0,1419.0,1423.0,1428.0,1428.0,1437.0,1438.0,1440.0,1443.0,1445.0,1448.0,1452.0,1458.0,1465.0,1466.0,1470.0,1471.0,1475.0,1483.0,1484.0,1486.0,1491.0,1493.0,1497.0,1501.0,1508.0,1509.0,1510.0,1512.0,1516.0,1524.0,1526.0,1534.0,1534.0,1535.0,1539.0,1547.0,1553.0,1554.0,1555.0,1560.0,1566.0,1567.0,1572.0,1572.0,1579.0,1580.0,1583.0,1585.0,1589.0,1591.0,1596.0,1601.0,1602.0,1603.0,1607.0,1611.0,1612.0,1613.0,1616.0,1618.0,1618.0,1632.0,1641.0,1649.0,1652.0,1659.0,1664.0,1678.0,1680.0,1681.0,1687.0,1688.0,1690.0,1696.0,1702.0,1707.0,1708.0,1719.0,1724.0,1728.0,1733.0,1740.0,1742.0,1744.0,1746.0,1757.0,1766.0,1770.0,1771.0,1776.0,1783.0,1789.0,1790.0,1793.0,1813.0,1821.0,1828.0,1828.0,1833.0,1834.0,1834.0,1847.0,1851.0,1852.0,1861.0,1863.0,1868.0,1870.0,1870.0,1873.0,1873.0,1874.0,1876.0,1878.0,1880.0,1881.0,1883.0,1884.0,1885.0,1889.0,1890.0,1893.0,1894.0,1896.0,1898.0,1900.0,1902.0,1902.0,1903.0,1903.0,1904.0,1909.0,1911.0,1926.0,1942.0,1951.0
TET2	0.0026041666666666665,0.0016544651455835148,0.0016702310203259617,0.001375606736290347,0.0013289259681290376,0.0016892630028166589,0.001668092666156135,0.0016416210514826142,0.0013403389515257436,0.0026041666666666665,0.0016874118258883655,0.0014947374428172617,0.001691900839445098,0.0015204734287855013,0.0016314487640721228,0.0015471633735533654,0.0016144608800255703,0.0015472356542091633,0.0013492486809950225,0.0014383864590895316,0.001443160989040117,0.001448734968847779,0.0014466584150223804,0.0015802801819501551,0.0013222003608247858,0.0016388685916834452,0.0015738284952577924,0.001681394474754342,0.0016766714932031255,0.0013440449163071688,0.001317766997870881,0.0013564690792093913,0.001501693539919111,0.0015213438646081259,0.0014677330027691473,0.0015933608988946012,0.00390625,0.0016229828342319331,0.0015585548068042202,0.0014771304332871563,0.00390625,0.001713393174436652,0.00390625,0.0013693542663852408,0.0016490403017117804,0.0016297555814140444,0.0013752943209024919,0.0016722447914958504,0.0016302873691527433,0.0015304613384444698,0.0026041666666666665,0.01171875,0.0014601084088683288,0.0016558913505405695,0.0016112421815829298,0.0014184323433098854,0.0026041666666666665,0.0017063761602717391,0.0013590813192385165,0.00390625,0.0026041666666666665,0.001711164172003562,0.001667893898806089,0.0014006575285713573,0.0013672311194913498,0.0013552406718240404,0.0026041666666666665,0.0014230733054717527,0.0026041666666666665,0.0013155905781696215,0.0017176215946026199,0.0026041666666666665,0.0016033669937000408,0.0016726959082314023,0.0015667483953756191,0.0013140066426193242,0.0013947034058972368,0.0015630608296563488,0.001518882042241229,0.0013748338694751089,0.0016642680236138602,0.0026041666666666665,0.0015432054289696115,0.0014424221360104872,0.0016561887439629564,0.0016275930807983826,0.001470044364136111,0.0013932074139232544,0.0016967426092455204,0.0013675585722643317,0.001505656794524209,0.0013180809722500887,0.0015006615324373712,0.0015928190952391532,0.0014060700346420457,0.0015133871410281197,0.001698234181134375,0.001411197869384836,0.0013719777035857042,0.0014334616028329158,0.0016405562086269532,0.0026041666666666665,0.0026041666666666665,0.0014349115046159231,0.0015618489325979572,0.001628475312446766,0.0013696851345576695,0.0078125,0.006510416666666667,0.0016147862115588035,0.0013540987146628497,0.0015095070979086076,0.0014558427682413522,0.0026041666666666665,0.0013257507511366692,0.0013105454692882788,0.0016218381010271645,0.0014208483177771192,0.0014178843695722796,0.001556408151573776,0.0016758067790358228,0.001362512531359627,0.0026041666666666665,0.001698634850483503,0.0016065821188393228,0.0016652824939812165,0.001470667082907208,0.0015510908086822813,0.0014015125360584237,0.0013462773911384748,0.0016176187072587847,0.0016820801983832118,0.0013757039665833841,0.0026041666666666665,0.00130683949709478,0.0014482199702881542,0.0026041666666666665,0.001394248308239688,0.001352719281922304,0.0015071330936027476,0.0016959094562339393,0.0013291865611144696,0.0016006655226197917,0.001591752556667115,0.0013343502891523006,0.0017116741229793884,0.0026041666666666665,0.001307896651599177,0.0015099283021378477,0.0017203652947943022,0.0017124329646079905,0.0016155130663542572,0.0013200052504192125,0.0013044505555809445,0.0013628059342257646,0.0013586322801697078,0.0013309611574783564,0.0017359479469868818,0.0016881031860978668,0.0013958162224693852,0.0026041666666666665,0.0015834513748914857,0.0013784589438444166,0.0014951132896597052,0.001478922633775353,0.0017193849039439171,0.0013077765942313769,0.0015631353345474412,0.0013896694977852517,0.0016637953483294634,0.0015618000872530766,0.0026041666666666665,0.0014287378408078463,0.0026041666666666665,0.0015170810853466518,0.00390625,0.001481954134592133,0.0014327347927282283,0.0014591318564971905,0.0015278452436155322,0.0013603448309206366,0.0016995513197192445,0.0016924560811339502,0.0026041666666666665,0.0015032028681887346,0.0014500394810438402,0.001338804878461962,0.0015885425754256818,0.0016157459568006806,0.0026041666666666665,0.0013895831336410772,0.0016006508799412858,0.0014155000287472527,0.0026041666666666665,0.0014348619045993737,0.0014004836579850778,0.0014923847529923987,0.0016270116774473639,0.001427113921189882,0.001466935456408495,0.0015612824763249409,0.0015250253558614123,0.0013729672244672825,0.001393499195498941,0.0014744004454687084,0.0013534417921288056,0.0015227029410196623,0.0017271837104502362,0.0017136846063792116,0.0015496627136957484,0.0015709652823627466,0.0015142493744569462,0.0026041666666666665,0.0016216959812393721,0.0014223241748380743,0.0026041666666666665,0.0013154924935359835,0.0016831812391370762,0.001325735312501935,0.0016124652231181555,0.0013208355265811721,0.0014055922392103833,0.0017194572702718435,0.0026041666666666665,0.0026041666666666665,0.005208333333333333,0.0015354710891103242,0.0014912865203031162,0.0013991083772331985,0.001351480800052903,0.0013325974816389803,0.0026041666666666665,0.0017226421451941995,0.0015469156529156404,0.0015944621189240592,0.0016838963514147042,0.0026041666666666665,0.0013191443695610538,0.001670121961170689,0.001670894467612716,0.0015302288672644894,0.0014584696331880911,0.0014829664877929825,0.0026041666666666665,0.0017051613248757742,0.0013067508951561874,0.0017281771857265407,0.001366364750823824,0.0014964498231636112,0.0015740980824448612,0.0014932723171067073,0.0015851019067049897,0.001586766550653142,0.0013853613961056636,0.0013903696078746454,0.0014334624803220685,0.0013253034347970394,0.0014564278515098136,0.0013217905673643417,0.0014822484262340082,0.0013161010786526446,0.0014233428951494099,0.001472767771206503,0.00390625,0.0015549884061964246,0.0015053691580384318,0.0016450901703301231,0.001472943681111094,0.0026041666666666665,0.0026041666666666665,0.00390625,0.001722110604106621,0.0017195702615868539,0.0016097897278932293,0.0014681710939296027,0.001635106896427341,0.0015835862781711993,0.0013192625451874124,0.0016131076190768904,0.0026041666666666665,0.0014174545427029222,0.0014309077421224058,0.0013286914179764526,0.005208333333333333,0.001513809195598093,0.0013080011416237826,0.0014515289261729295,0.0017360438097674114,0.0013562810164364633,0.0014738548038155657,0.001317444667705033,0.001676574634322383,0.001460435113036023,0.0013552574347816938,0.0026041666666666665,0.0016335493745004012,0.0013206467203987161,0.00390625,0.001333761883978288,0.0013971707395590317,0.0016157026544910906,0.0014981423380379924,0.001581819475805109,0.0026041666666666665,0.0026041666666666665,0.001522728761421993,0.0015800019632203413,0.0014343062446916016,0.009114583333333334,0.0016507619671320142,0.0017010808485152784,0.0014845619542553617,0.006510416666666667,0.0016732289743933947,0.001687221364372879,0.0015543768965122478,0.0013484337229323657,0.0016523237551932491,0.001433331021778319,0.0013122784977385596,0.00390625,0.005208333333333333,0.0015791915907043307,0.0015101109430343132,0.001371350763852591,0.0015199568770988745,0.0016642217149597056,0.0016735474382567677,0.013020833333333334,0.00390625,0.0015374182478976907,0.0016749122667763818,0.0015470952433971235,0.0014540022725211068,0.0015494055613850812,0.0026041666666666665,0.0016789469663128288,0.001357154793678466,0.0013907745726281593,0.005208333333333333,0.0016672079059863382,0.0026041666666666665,0.00390625,0.0017047542809589765,0.005208333333333333,0.0014693570500804527,0.00390625,0.00390625,0.0014027486021862508,0.0016859559880852196,0.0014389322516054999,0.0026041666666666665,0.001442603092364947,0.0013781033097766907,0.00390625,0.0016861646391290088,0.00390625,0.0014799365958404014,0.0016377473037405893,0.00390625,0.00148995820033455,0.0014824195033650734,0.0016081091472899196,0.0014313061058503255,0.0015013333226846796,0.005208333333333333,0.00390625,0.0016237588309644098,0.0014964252943012657,0.0017357497764317888,0.0015755824196577643,0.0015992851529274272,0.0015027988882016065,0.001672446071552991,0.0014439220368764908,0.0014938684511395129,0.0013866811066243054,0.0015825150183855462,0.0014498046225750042,0.0014260932903445997,0.0026041666666666665,0.0016820508125447425,0.001438406254741286,0.0026041666666666665,0.0078125,0.0016489160564261871,0.005208333333333333,0.0016814778576326106,0.0026041666666666665,0.0017158898502936343,0.0013075117054444424,0.0015332662247903306,0.001523933895959508,0.0016133380623309503,0.00390625,0.001522730293946579,0.0026041666666666665,0.0013291908677437504,0.0078125,0.0026041666666666665,0.00390625,0.0016192001483540136,0.0014456591703408926,0.0013925599368965066,0.0015304346525306038,0.0015848952362486088,0.0014490609175770136,0.0014079694464231996,0.0013405024648022433,0.0015308681367471341,0.0016109304875508111,0.0026041666666666665,0.00148415818370752,0.0016761170794822398,0.0013915923950046322,0.0017217776312892935,0.0014275488798664337,0.0026041666666666665,0.001366358629406186,0.0014274097819524216,0.001351744002052622,0.0016883258415402661,0.0014396033018535786,0.0016034378444570627,0.0015670861457786716,0.0015486384472060274,0.0016728967777303897,0.0014934348517746659,0.001508944244581158,0.00390625,0.0015412185373711279,0.0026041666666666665,0.0014562227996199831,0.0015779230589774524,0.0013128297986857065,0.0013967744165512502,0.0016117185851682902,0.0016658647355443812,0.0015174916983194573,0.0014457097858722474,0.001367630684742338,0.0013775663350674096,0.0016638358911974154,0.0014724548045701887,0.0015003410210951537,0.0015582336229151186,0.0013720860125767617,0.006510416666666667,0.0026041666666666665,0.0013491407530891386,0.0014764489425087713,0.0026041666666666665,0.0013649847227764232,0.0026041666666666665,0.0026041666666666665,0.0026041666666666665,0.0026041666666666665,0.001552222869996632,0.0014063798780705814,0.0016645700624718597,0.001341335223486279,0.0015813534325468087,0.0016069657600613315,0.0014336191490448543,0.0013110533350810482,0.0016256588650556865,0.0016722289048820068,0.0017183424283953163,0.0013694401265440571,0.001551341059213377,0.0015063938415545237,0.0014379345475623057,0.0014421415826039122,0.0014783586577531635,0.0017011852745016079,0.0013430648296411975,0.0015767275003128565,0.0017097419313760664,0.0015344261315085345,0.00166822502148974,0.0015258765428548258,0.0014555200080584813,0.0015242839374076484,0.001712698803166504,0.0014132448648190349,0.0013304125941086956,0.001647079191951677,0.001406572530717795,0.0015751793501570948,0.001731329333386605,0.0013593581853661595,0.0013145046776426514,0.0014284493893011133,0.0015651792986113584,0.0017054045084004103,0.0016135583619520733,0.0013231276089135068,0.0014025682173686076,0.0015109614119285365,0.0015539586317904709,0.0026041666666666665,0.0013855278837916895,0.0014587711627139916,0.0013736606044104597,0.0014787482965559,0.0014860195972999646,0.0026041666666666665,0.0015308623773411377,0.001477775551320136,0.0014991478038520018,0.0014971892604292644,0.001686255325160287,0.001481297557476738,0.001426812159240202,0.0013461278532804013,0.0015299015960962027,0.0026041666666666665,0.0015324443602197154,0.0026041666666666665,0.0014977336249381266,0.0026041666666666665,0.0015954469369561823,0.001663189308572487,0.0026041666666666665,0.0016491995279407836,0.0026041666666666665,0.0016592519165572466,0.001701302973481732,0.0013248253488101075,0.01953125,0.0014120778718590442,0.00390625,0.0017214776157459411,0.0026041666666666665,0.00390625,0.00390625,0.006510416666666667,0.0016805991832909769,0.0016616237525742081,0.0014876689432685765,0.0014052945055461896,0.001326421263192686,0.0016817788521727049,0.00390625,0.00390625,0.0015598072040249836,0.005208333333333333,0.001381326751887877,0.0015750288910346677,0.00390625,0.0015886836147180068,0.0014133058893619863,0.0014882564583149499,0.0026041666666666665,0.0016104919966533342
TET2	100,1004,1102,1103,1111,1119,1131,1133,1154,1156,1167,1193,1194,120,1214,1216,1219,1221,1224,1227,1244,1245,1249,1250,1262,1266,1271,1274,1285,1286,1292,1291,1298,1302,1313,1313,1322,1327,1351,1368,1377,1378,1380,1387,1395,1396,1420,1449,1451,1453,1486,1500,1516,1561,1583,1608,162,1635,1644,167,1680,1683,175,1843,1861,1873,1876,1890,1910,197,227,232,234,245,259,26,274,274,323,351,354,383,394,4,409,422,425,474,485,505,507,509,510,519,550,557,559,571,578,586,591,604,611,613,615,619,624,628,642,644,657,660,687,697,71,71,716,742,749,777,782,807,812,830,841,85,856,862,886,888,909,909,916,920,95,958,963,970,991
TET2	1.2532297051039607,1.1060688369625964,1.079209137970802,1.0567961989049797,1.147425908897157,1.0651904076136383,1.0047291223961383,1.055978136581709,1.319340527539528,1.0525031945057983,1.2026518376701063,1.268382513551725,1.3181495535377912,1.0414418280603532,2,2,1.0375188364700312,2,1.241072266315479,1.1003342576766013,1.1985846465514554,1.029048324142328,1.2709011058819988,1.0173272625840355,2,1.1903326440723967,1.0537377598272024,1.133571324798249,1.3324073668574303,1.281842894214128,1.0163621985116094,1.2449932814590117,1.1008860294860514,1.075364036390824,1.201989222888681,1.0626100444198348,1.0228367397249236,1.2623276291013572,1.1008764692579887,1.1808034957612439,1.1172796981277204,1.2555679011013718,3,1.2957234940168223,1.330702945200621,1.1656990368005757,1.2620625684664548,1.3218890669103196,1.2319068889582248,1.1455492696015568,1.3181180835088404,1.3258054367534633,2,1.1730769673439654,1.2739889899666272,1.3114564843510452,1.246222614045261,1.231939310927554,1.254955724230749,1.319520277920979,2,1.0542548547811463,1.0303156866634982,1.1762660341623636,1.1725205313527698,2,1.0148482807227106,1.0760557050841553,1.1294318025265206,1.0495659664004124,1.1397482907641783,1.326666588394548,1.0610112155316462,1.2344791669427602,1.0740041655631365,1.219279229346402,4,1.0025541725306373,1.2401620877669728,1.0102566800063424,1.242165027737814,1.2413167490672075,1.2928823186116807,1.299724128939536,1.1090425918274192,1.0857693212767083,1.3069685273136433,1.0237651609808038,1.0031679520393864,1.3177800420449552,1.2548101457494458,1.1094997633473525,1.2595353807610572,1.1096812279036639,2,1.1725872318347568,1.1401878960880438,1.3041590945174433,1.079532638951456,1.2460182860572937,1.310112745061493,1.0818158771972455,1.0049964114336187,1.0813636084262463,1.1868774821281345,1.325534825286612,1.1641505327923243,1.1927802285057656,1.1829526281836538,1.2239807457505125,1.2940215215795055,1.1402265071223399,1.2244830050972313,1.1277057172611675,1.3283685794974063,1.108507918529666,1.3158662923027518,1.3001847569424025,1.3092030825923495,1.1658616313014014,1.1400254465979807,1.1870763899794532,1.300261428027957,1.250602641272594,1.016361401654355,1.026447233060508,1.0974467890864583,1.1630454686504028,1.1677687965429793,2,1.2800684973806316,1.24563851881743,3,1.0145739807914937,1.2727960494327528,2,1.2110833299346273,1.0209793216222796,1.1266977237671425
SRSF2	18.0,44.0,49.0,52.0,54.0,57.0,67.0,83.0,95.0,96.0,147.0,208.0
SRSF2	0.03125,0.046875,0.020826553566097125,0.016572586678073976,0.046875,0.046875,0.016228762731755685,0.018738244606549513,0.71875,0.016757049882046453,0.016368073610143512,0.019449418269033174
SRSF2	21,46,67,77,86,95
SRSF2	1.1684711597406516,1.2952757718266596,1.0705944032673311,1.2902453778078482,1.3203605400391722,12
JAK2	30.0,31.0,62.0,166.0,299.0,617.0,768.0,936.0,1053.0,1110.0
JAK2	0.015108309605425235,0.012315047789712775,0.015681561922387042,0.012818932564757241,0.013967671420902762,0.891566265060241,0.015954719272083293,0.014537273099360442,0.013505917059808576,0.012497936334438447
JAK2	1026,1027,1059,1118,125,125,138,203,230,310,352,409,416,451,482,51,558,571,572,6,617,632,7,70,758,773,802,813,826,832,853,869,905,91,92,922
JAK2	1.3163122048461837,1.02493474080003,1.1963089105447966,1.0239768764384873,1.1574172538740815,1.1411196695133718,1.2832693437220775,1.0080121272530116,1.0537003489843888,1.0804031804187242,1.118048166811334,2,1.2802683446553003,1.149651225998346,1.0994290501244672,1.171487998769359,1.2320551594101339,1.289694868802664,1.004985951824394,1.1764374016604542,27,1.3064989255012147,1.0759790214486176,1.1506839524936752,1.0752876991346165,1.2472354480516201,1.1607635440173962,1.2832127941401497,1.2213494961582922,1.1034158750257839,1.1764012252006175,1.223346874603208,1.2179152484807199,1.15820048497721,1.0257995016353063,1.3028361121311811
FOXP1	42.0,60.0,95.0,151.0,192.0,290.0,299.0,302.0,477.0,480.0,496.0,513.0,625.0,644.0
FOXP1	0.08798470040312441,0.08164008534801966,0.06712610340053972,0.08710715481861013,0.07608766267280194,0.08752148878882622,0.07702733368002833,0.07668864391853528,0.08288406576894261,0.06728230913705145,0.0815678851409607,0.06944047262449425,0.06691908566774876,0.08481412354027669
FOXP1	12,126,13,168,265,272,275,311,33,337,338,376,378,380,382,470,503,505,550,576,61,615,666,677,96
FOXP1	1.0164012496251686,1.1228105702462035,1.1354510512537281,1.3251900387588647,1.2616248642913885,1.1046794388109498,1.2030813643390998,1.0044245910544687,1.0649844220370244,1.1326684168562589,1.1967957794699755,1.1126594708170543,1.075189425417181,1.254534715287032,1.1166630139607696,1.010621800857301,1.232318302744369,1.2630325273266534,1.160987809722069,1.1555643797935649,1.175637572577084,1.0587099548750893,1.2150011068092073,1.2166959777770607,1.283653093054859
GNAS	54.0,180.0,201.0,203.0,227.0
GNAS	0.024952249179026772,0.02999489480165236,0.8863636363636364,0.045454545454545456,0.022845019806870006
GNAS	1004,1018,1032,11,112,115,188,219,306,316,336,351,36,388,419,493,510,581,635,64,642,65,656,665,670,693,715,720,758,800,842,844,847,849,871,875,883,900,906,931,932,938,940,941,971,985,99
GNAS	1.0756510929272063,1.2029176643290322,1.3157591238935882,1.3151541938351712,1.1407521878962739,1.1576388506651898,1.0098260929035767,1.007341792822775,1.276795708371472,1.0247646304422993,1.3215966872136122,1.0202892271261632,1.2993352743943254,1.2313219172523535,1.0315158623343923,1.2784892782421102,1.2998342911992387,1.0922517042958506,1.0067167397026053,1.199935487375454,1.2830410130258825,1.0260045029194838,1.2643741482716404,1.2551778709265584,1.022209005886363,1.1327932753938752,1.0272362480410129,1.1381178175848052,1.0824123151924971,1.0542384816937225,1.1232136635870895,10,1.0027954886938029,1.2055705180603005,1.2113035303080224,1.0551947384631017,2,1.1071693405135892,1.3014872973490363,1.3124671380768556,1.0208781121443296,1.1586660053607463,1.0672713801773916,1.281746460516785,1.3133856762026221,1.0449392945876297,1.0406106933010975
SF3B1	355.0,549.0,609.0,620.0,622.0,623.0,625.0,626.0,662.0,666.0,673.0,700.0,703.0,704.0,740.0,741.0,742.0,748.0,765.0,783.0,953.0,1022.0,1041.0
SF3B1	0.009962876130487151,0.018691588785046728,0.00980209625499455,0.011727270681921375,0.011263174581824758,0.011096711133997874,0.028037383177570093,0.037383177570093455,0.037383177570093455,0.29906542056074764,0.011283707778412935,0.38317757009345793,0.010969330090755647,0.010504143624142186,0.028037383177570093,0.010030732812345377,0.018691588785046728,0.01019538480493279,0.018691588785046728,0.012417479824686543,0.01006794863504153,0.0117292632420645,0.01048575297059779
SF3B1	100,1053,1069,115,1168,1169,1207,1220,1229,154,196,239,305,327,331,337,387,40,409,450,453,612,622,625,626,640,662,663,666,680,699,700,734,736,762,833,834,927,977,987
SF3B1	1.1954252213194807,1.2345175966825765,1.1389241374406467,1.153189058265587,1.1971351799122445,1.322771172931729,1.270686375637426,1.0722053706011412,2,1.2005879457879058,1.2349890073457235,1.1614110569903606,1.0533298785401464,1.0208854233994802,1.1246445910422693,1.1551334985558566,1.2865085658154745,1.0671288398405794,1.0179330023100435,1.1369178518064025,1.007880698016533,1.301957639687033,3,1.2111894049999052,3,1.3241130793169755,3,2,6,1.295371606420563,1.299774524846044,7,2,1.1972711805934355,1.1931998401102275,1.0296495450062806,1.3057932610023306,1.0399869152227146,1.2789587876506725,1.198491687649302
CHEK2	1.0,5.0,29.0,31.0,44.0,53.0,92.0,93.0,94.0,95.0,95.0,98.0,100.0,102.0,103.0,105.0,106.0,108.0,109.0,110.0,111.0,113.0,113.0,114.0,114.0,116.0,117.0,126.0,137.0,137.0,138.0,140.0,142.0,143.0,144.0,145.0,152.0,159.0,160.0,161.0,162.0,163.0,164.0,165.0,166.0,168.0,168.0,169.0,170.0,175.0,178.0,180.0,181.0,183.0,185.0,185.0,186.0,189.0,194.0,196.0,197.0,212.0,222.0,223.0,226.0,228.0,229.0,229.0,233.0,242.0,247.0,249.0,265.0,273.0,280.0,292.0,296.0,301.0,303.0,306.0,307.0,309.0,317.0,318.0,319.0,323.0,324.0,327.0,328.0,330.0,330.0,335.0,345.0,346.0,347.0,349.0,350.0,354.0,357.0,358.0,364.0,365.0,365.0,372.0,372.0,379.0,381.0,383.0,385.0,386.0,387.0,392.0,393.0,399.0,400.0,452.0,459.0,479.0,484.0,515.0,519.0,521.0,528.0,533.0,535.0
CHEK2	0.0065273382886371755,0.005808860773123074,0.005923595768023429,0.0052381571486463645,0.00546651207470418,0.005832125644752048,0.005436016977733418,0.006666474970562512,0.006125722325817495,0.00517286913209385,0.020202020202020204,0.010101010101010102,0.006275963227084439,0.006199802205250151,0.006260176074633646,0.006075668381720149,0.005475485195365321,0.005280146278617431,0.006392560695899836,0.005727549395784679,0.005759152021149107,0.0064072644215479695,0.005828076883894989,0.005999911875456312,0.006545970462395761,0.005660634248711404,0.006399811894740718,0.0058120446902489705,0.006069564042997944,0.005096458056937484,0.006669206215824127,0.010101010101010102,0.005642416740153695,0.0052328762627449005,0.00612224774148147,0.015151515151515152,0.006482453839353442,0.006254257881283621,0.030303030303030304,0.006293620412148188,0.005104513559047584,0.0053139392739766774,0.006653777936397995,0.0062631042646941505,0.006401472195595094,0.006094093334574282,0.006343837161332657,0.0062171281483168715,0.00513066631769653,0.00543828713713971,0.006551272149087116,0.005526311542087246,0.010101010101010102,0.005449415246702171,0.006181083940346248,0.006075325593242929,0.006311608719949711,0.006278985105979879,0.006436858123962433,0.00565924883605674,0.006137258045013037,0.005785904082037277,0.0060230930402611045,0.005242982443391254,0.006317454313503303,0.015151515151515152,0.006234249493245129,0.015151515151515152,0.006177288736936879,0.006312781198219373,0.005657658404375246,0.0058053495894845805,0.005112208879357728,0.015151515151515152,0.0058420939393183996,0.005257288969324532,0.0051152138249730755,0.005758443007638689,0.005734586983919496,0.010101010101010102,0.006208902449975886,0.0052556611566914125,0.005052793272853916,0.005457753901514624,0.005491344045631391,0.005302286372587137,0.010101010101010102,0.010101010101010102,0.006011947222093084,0.0057087629877247146,0.005487183518847988,0.010101010101010102,0.006161159547381619,0.08585858585858586,0.015151515151515152,0.005523466997168739,0.005863238128571954,0.00669505435692513,0.006058609238426378,0.005576174009573301,0.006125620203657768,0.006612612356347606,0.0065212017711497455,0.006647787969148115,0.006511673946293592,0.006733755082999871,0.005787676178494173,0.005171662019442205,0.020202020202020204,0.006190641505090449,0.04040404040404041,0.010101010101010102,0.005478938070724515,0.005275897821907846,0.006304258176112655,0.005153221269151217,0.010101010101010102,0.006075830035117958,0.006177548184272642,0.0060820818806897265,0.005815492699133331,0.006038619659368934,0.005165990643762707,0.005117364048100574,0.006617622357785383
CHEK2	100,101,163,180,183,188,192,194,231,247,282,290,3,316,317,349,374,380,385,389,394,408,44,87,88,93
CHEK2	1.0078530754438322,1.331847093565441,1.0250983766950061,1.090854677409459,1.026519698413334,1.045116123271309,1.2481006028523536,1.0634226798864825,1.3210945682055257,1.211237106892539,1.3237786092386945,1.3223208219719813,1.1758779555861407,1.0041220811453462,1.135330090807163,1.2388274275344262,1.055991896589417,1.1957841101971471,1.3246130970673995,2,1.1006187407333452,1.205418315994923,1.2498648433401531,2,1.0549575448006006,1.0851254942409212
